Entreprise,Commune,Nom de votre entreprise,SIRET,Adresse complète de votre entreprise (avec code postal et ville),Latitude,Longitude,Adresse mail,Numéro de téléphone, Merci de préciser l'adresse de votre site Web ou de votre page Facebook si vous en avez ? ,Alimentation,Service,Bâtiment,Métiers d'arts,Comment proposez-vous vos produits et services ?, [Lundi], [Mardi], [Mercredi], [Jeudi], [Vendredi], [Samedi], [Dimanche],Texte,Departement,Services,Ouverture,Distribution,Ville,Url modification
Germain Verhille Photographe,Marseille,Germain Verhille Photographe,49359838700022,13 rue Saint PIerre 13005 Marseille,"43.389082","5.501404",contact-g.verhille@germainverhille-photographe.com,0674889424,http://www.germainverhille-photographe.com,,Photographe,,,"Commande par téléphone, Déplacement à domicile, En magasin, Sur rendez-vous","Matin, Après-midi","Matin, Après-midi","Matin, Après-midi","Matin, Après-midi","Matin, Après-midi",Matin,,,Bouches-du-Rhône, <br />Photographe <br /> <br />,"Lundi :Matin, Après-midi\nMardi :Matin, Après-midi\nMercredi :Matin, Après-midi\nJeudi :Matin, Après-midi\nVendredi :Matin, Après-midi\nSamedi :Matin","Commande par téléphone<br /> Déplacement à domicile<br /> En magasin<br /> Sur rendez-vous<br /><a href=""http://www.germainverhille-photographe.com"" target=""_blank"">http://www.germainverhille-photographe.com</a>",Marseille,https://docs.google.com/forms/d/e/1FAIpQLSedEvhvPyeuy-qQ8ZdyaXP9g9Uv4IuQNWlsXvhOMnaqGC8tgg/viewform?edit2=2_ABaOnuepyalijlEBhzwAa6iiEVzckZoIckxYdW4ch8U8ESmsHxTZ9c2b0CG7tg8JDwLafyM
Travaux de terrassement Giampaoli,Lourmarin,Travaux de terrassement Giampaoli,51166600000027,5 rue de la lebretiere 84160 Lourmarin,"43.295199","5.439606",bu12@hotmail.fr,0608334455,https://www.terrassement-giampaoli-luberon.fr/,,,Terrassement,,,"Matin, Après-midi","Matin, Après-midi","Matin, Après-midi","Matin, Après-midi","Matin, Après-midi",Matin,,,Vaucluse, <br /> <br />Terrassement <br />,"Lundi :Matin, Après-midi\nMardi :Matin, Après-midi\nMercredi :Matin, Après-midi\nJeudi :Matin, Après-midi\nVendredi :Matin, Après-midi\nSamedi :Matin","<br /><a href=""https://www.terrassement-giampaoli-luberon.fr/"" target=""_blank"">https://www.terrassement-giampaoli-luberon.fr/</a>",Lourmarin,https://docs.google.com/forms/d/e/1FAIpQLSedEvhvPyeuy-qQ8ZdyaXP9g9Uv4IuQNWlsXvhOMnaqGC8tgg/viewform?edit2=2_ABaOnucd_B4JANmsXB1RhMi-IARzSzYQjGgk0dC2StAq4sydjugnRZYhN4pFOX7pgFuOafQ
Imprimerie Arc en Ciel - Eurl DLC,Digne-les-Bains,Imprimerie Arc en Ciel - Eurl DLC,48768557000011,3 av Gutenberg - ZI Saint Christophe - 04000 Digne-les-Bains,43.488798,5.278931,arcenciel04@orange.fr,0492312125,https://arcenciel04.fr,,Imprimeur,,,"Commande par téléphone, En magasin, Livraison, commande par mail","Matin, Après-midi","Matin, Après-midi","Matin, Après-midi","Matin, Après-midi","Matin, Après-midi",,,,Alpes-de-Haute-Provence, <br />Imprimeur <br /> <br />,"Lundi :Matin, Après-midi\nMardi :Matin, Après-midi\nMercredi :Matin, Après-midi\nJeudi :Matin, Après-midi\nVendredi :Matin, Après-midi","Commande par téléphone<br /> En magasin<br /> Livraison<br /> commande par mail<br /><a href=""https://arcenciel04.fr"" target=""_blank"">https://arcenciel04.fr</a>",Digne-les-Bains,https://docs.google.com/forms/d/e/1FAIpQLSedEvhvPyeuy-qQ8ZdyaXP9g9Uv4IuQNWlsXvhOMnaqGC8tgg/viewform?edit2=2_ABaOnueGt4q4uvKNmX3IjbN5dQzkmIEfBCq7hdA_j3qoOWma0x9F9_3IYP5q0O4LB_zsb9Q
AED84 - Cedric Legoy,Velleron,AED84 - Cedric Legoy,51028148800021,74 Chemin de l'Aguié 84740 VELLERON,"43,9577629","5,0394176",aed84@laposte.net,0628046699,,,,"Chauffagiste, Électricien",,,"Matin, Midi, Après-midi","Matin, Midi, Après-midi","Matin, Midi, Après-midi","Matin, Midi, Après-midi","Matin, Midi, Après-midi",,,,Vaucluse, <br /> <br />Chauffagiste <br /> Électricien <br />,"Lundi :Matin, Midi, Après-midi\nMardi :Matin, Midi, Après-midi\nMercredi :Matin, Midi, Après-midi\nJeudi :Matin, Midi, Après-midi\nVendredi :Matin, Midi, Après-midi",,Velleron,https://docs.google.com/forms/d/e/1FAIpQLSedEvhvPyeuy-qQ8ZdyaXP9g9Uv4IuQNWlsXvhOMnaqGC8tgg/viewform?edit2=2_ABaOnuc4NNAv6P_MX_Y8ggkwRYyXhLrbtzn4nbEipNpvPtyNPzTqxGQGeCyGxdxErJSnmIw
SECURITY-PC,Marseille,SECURITY-PC,52064055800026,3 TRAVERSE RIFLARD 13012 MARSEILLE,"43,3140754","5,41389",contact@securiyt-pc.fr,0662101932,http://www.security-pc.fr,,Dépanneur informatique,,,Déplacement à domicile,"Matin, Midi, Après-midi","Matin, Midi, Après-midi","Matin, Midi, Après-midi","Matin, Midi, Après-midi","Matin, Midi, Après-midi","Matin, Midi, Après-midi","Matin, Midi, Après-midi",,Bouches-du-Rhône, <br />Dépanneur informatique <br /> <br />,"Lundi :Matin, Midi, Après-midi\nMardi :Matin, Midi, Après-midi\nMercredi :Matin, Midi, Après-midi\nJeudi :Matin, Midi, Après-midi\nVendredi :Matin, Midi, Après-midi\nSamedi :Matin, Midi, Après-midi\nDimanche :Matin, Midi, Après-midi","Déplacement à domicile<br /><a href=""http://www.security-pc.fr"" target=""_blank"">http://www.security-pc.fr</a>",Marseille,https://docs.google.com/forms/d/e/1FAIpQLSedEvhvPyeuy-qQ8ZdyaXP9g9Uv4IuQNWlsXvhOMnaqGC8tgg/viewform?edit2=2_ABaOnud909lVxbqkCt-Mxl1u0QJbyseIglpVl919CJBnU0IiB2JHfw_UvqVBpe2kz8Q-TgY
GARAGE SUD AUTOMOBILE,Sarrians,GARAGE SUD AUTOMOBILE,79073989000016,210 BD DES MIANS 84260 SARRIANS,"44,0845602","4,9749969",gsa84260@hotmail.fr,0490652062,,,"Carrossier / Mécanicien, Réparation et entretien véhicule MERCEDES",,,"En magasin, Sur rendez-vous","Matin, Après-midi","Matin, Après-midi","Matin, Après-midi","Matin, Après-midi","Matin, Après-midi",,,,Vaucluse, <br />Carrossier / Mécanicien <br /> Réparation et entretien véhicule MERCEDES <br /> <br />,"Lundi :Matin, Après-midi\nMardi :Matin, Après-midi\nMercredi :Matin, Après-midi\nJeudi :Matin, Après-midi\nVendredi :Matin, Après-midi",En magasin<br /> Sur rendez-vous,Sarrians,https://docs.google.com/forms/d/e/1FAIpQLSedEvhvPyeuy-qQ8ZdyaXP9g9Uv4IuQNWlsXvhOMnaqGC8tgg/viewform?edit2=2_ABaOnufvIqJ0bXCQQl_l-92dJSlscOrJ-c6HfJFO389N3kekXJ06Los1iCiGcCH1biOThbQ
L'ESSENTIEL INSTITUT,La Tour-d'Aigues,L'ESSENTIEL INSTITUT,44053551600023,13 BD DE VERDUN 84240 LA TOUR D'AIGUES,"43,726095","5,5475744",emmanuelmoreau5260@neuf.fr,0490074238,,,Coiffeur / Esthétique,,,En magasin,"Matin, Après-midi","Matin, Après-midi","Matin, Après-midi","Matin, Après-midi","Matin, Après-midi",Matin,,,Vaucluse, <br />Coiffeur / Esthétique <br /> <br />,"Lundi :Matin, Après-midi\nMardi :Matin, Après-midi\nMercredi :Matin, Après-midi\nJeudi :Matin, Après-midi\nVendredi :Matin, Après-midi\nSamedi :Matin",En magasin,La Tour-d'Aigues,
technic elec 83,Ollioules,technic elec 83,51028351800015,1118 route des gorges d'ollioules 83190 OLLIOULES,"43,1493374","5,8486017",contact@technicelec83.fr,0494309007,https://www.technicelec83.fr,,,Climatisation,,Sur rendez-vous,"Matin, Après-midi","Matin, Après-midi","Matin, Après-midi","Matin, Après-midi",Matin,,,,Var, <br /> <br />Climatisation <br />,"Lundi :Matin, Après-midi\nMardi :Matin, Après-midi\nMercredi :Matin, Après-midi\nJeudi :Matin, Après-midi\nVendredi :Matin","Sur rendez-vous<br /><a href=""https://www.technicelec83.fr"" target=""_blank"">https://www.technicelec83.fr</a>",Ollioules,https://docs.google.com/forms/d/e/1FAIpQLSedEvhvPyeuy-qQ8ZdyaXP9g9Uv4IuQNWlsXvhOMnaqGC8tgg/viewform?edit2=2_ABaOnucovVpHBMaM1oGQI-sSC1-iVZNbz8QnJaOkJHu2ivAATFlBrR_CeryYdTS0SHPca4k
DOC INFO SERVICES,Roquebrune-Cap-Martin,DOC INFO SERVICES,75056060900026,3 RUE DU MOULIN 06190 ROQUEBRUNE CAP MARTIN,"43,7655751","7,4825788",doc.info.services@gmail.com,0616711737,https://www.facebook.com/DOC-INFO-Services-1575184886069229/,,Dépanneur informatique,,,Déplacement à domicile,"Matin, Après-midi","Matin, Après-midi","Matin, Après-midi","Matin, Après-midi","Matin, Après-midi",,,,Alpes-Maritimes, <br />Dépanneur informatique <br /> <br />,"Lundi :Matin, Après-midi\nMardi :Matin, Après-midi\nMercredi :Matin, Après-midi\nJeudi :Matin, Après-midi\nVendredi :Matin, Après-midi","Déplacement à domicile<br /><a href=""https://www.facebook.com/DOC-INFO-Services-1575184886069229/"" target=""_blank"">https://www.facebook.com/DOC-INFO-Services-1575184886069229/</a>",Roquebrune-Cap-Martin,https://docs.google.com/forms/d/e/1FAIpQLSedEvhvPyeuy-qQ8ZdyaXP9g9Uv4IuQNWlsXvhOMnaqGC8tgg/viewform?edit2=2_ABaOnufixUs9d_ppESwZ9vxH4JZAcGJs4RzFApcuXQFApauQO76-iRzr_KaGTxARGs50JJE
Christian HUE,Marseille,Christian HUE,53743887100015,3 bd de corfou 13014 MARSEILLE,"43,3387253","5,3960423",C.hue.hcp@gmail.com,0650272684,,,Installateur,Électricien,,"Déplacement à domicile, Sur rendez-vous","Matin, Midi, Après-midi","Matin, Midi, Après-midi","Matin, Midi, Après-midi","Matin, Midi, Après-midi","Matin, Midi, Après-midi","Matin, Midi, Après-midi","Matin, Midi, Après-midi",,Bouches-du-Rhône, <br />Installateur <br />Électricien <br />,"Lundi :Matin, Midi, Après-midi\nMardi :Matin, Midi, Après-midi\nMercredi :Matin, Midi, Après-midi\nJeudi :Matin, Midi, Après-midi\nVendredi :Matin, Midi, Après-midi\nSamedi :Matin, Midi, Après-midi\nDimanche :Matin, Midi, Après-midi",Déplacement à domicile<br /> Sur rendez-vous,Marseille,https://docs.google.com/forms/d/e/1FAIpQLSedEvhvPyeuy-qQ8ZdyaXP9g9Uv4IuQNWlsXvhOMnaqGC8tgg/viewform?edit2=2_ABaOnudRix2h1HnewmDdiceyyQj6fXzoNwg5vYg_hovbii6Rvz1FVM7ykSk528Ti1mO1m5g
Massages bien-être Audrey,Le Cannet,Massages bien-être Audrey,53301779400033,"9 rue Gaston Cauvin,06110 le Cannet","43,5695286","7,0223107",audreyvero@hotmail.com,0612811598,,,Entretien corporel bien être,,,"Déplacement à domicile, Sur rendez-vous","Matin, Après-midi","Matin, Après-midi",,"Matin, Après-midi","Matin, Après-midi","Matin, Midi, Après-midi",,,Alpes-Maritimes, <br />Entretien corporel bien être <br /> <br />,"Lundi :Matin, Après-midi\nMardi :Matin, Après-midi\nJeudi :Matin, Après-midi\nVendredi :Matin, Après-midi\nSamedi :Matin, Midi, Après-midi",Déplacement à domicile<br /> Sur rendez-vous,Le Cannet,https://docs.google.com/forms/d/e/1FAIpQLSedEvhvPyeuy-qQ8ZdyaXP9g9Uv4IuQNWlsXvhOMnaqGC8tgg/viewform?edit2=2_ABaOnuc0A6jrSDlilUvVU_ZrCrnlYDAgoAv229eEExXKnnR_16Btwkpz9vq_a3vE4M9YKX4
CSE,Orange,CSE,78884656600024,"219 chemin de la jardinière, 84100 ORANGE","44,1266357","4,8416734",cse69650@gmail.com,0658529837,,,,Maçon,,"Déplacement à domicile, Sur rendez-vous","Matin, Après-midi","Matin, Après-midi","Matin, Après-midi","Matin, Après-midi","Matin, Après-midi",Matin,,,Vaucluse, <br /> <br />Maçon <br />,"Lundi :Matin, Après-midi\nMardi :Matin, Après-midi\nMercredi :Matin, Après-midi\nJeudi :Matin, Après-midi\nVendredi :Matin, Après-midi\nSamedi :Matin",Déplacement à domicile<br /> Sur rendez-vous,Orange,https://docs.google.com/forms/d/e/1FAIpQLSedEvhvPyeuy-qQ8ZdyaXP9g9Uv4IuQNWlsXvhOMnaqGC8tgg/viewform?edit2=2_ABaOnue5qjQPhLRoXl6wEsbM5XP9UxwAngHBbl1uc1wY_m-CNXmutQeK89y5ToRbwnMlVYI
Eric MARTINEZ,Carpentras,Eric MARTINEZ,44326205000034,1612 chemin Saint Roch 84200 CARPENTRAS,"44,0779694","5,0515041",contact@e-martinez.pro,0651985845,https://e-martinez.pro,,"Photographe, Vidéaste",,,"Déplacement à domicile, Sur rendez-vous","Matin, Après-midi","Matin, Après-midi","Matin, Après-midi","Matin, Après-midi","Matin, Après-midi",,,,Vaucluse, <br />Photographe <br /> Vidéaste <br /> <br />,"Lundi :Matin, Après-midi\nMardi :Matin, Après-midi\nMercredi :Matin, Après-midi\nJeudi :Matin, Après-midi\nVendredi :Matin, Après-midi","Déplacement à domicile<br /> Sur rendez-vous<br /><a href=""https://e-martinez.pro"" target=""_blank"">https://e-martinez.pro</a>",Carpentras,https://docs.google.com/forms/d/e/1FAIpQLSedEvhvPyeuy-qQ8ZdyaXP9g9Uv4IuQNWlsXvhOMnaqGC8tgg/viewform?edit2=2_ABaOnud9Ci6a5wraCxDbY3LhCjFrA4tBvwdVCOaNU3hNZ_mKXLOlgxE63WGtk9o5QrCIaJc
Frédéric Sicard Photographe,Morières-lès-Avignon,Frédéric Sicard Photographe,82244950000013,"223 Rue Crillon, 84310 Morière lès Avignon","43,9393576","4,9055238",contact@fredsphotographe.com,0609327347,https://fredsphotographe.com,,Photographe,,,"Commande par téléphone, Déplacement à domicile, En magasin, Sur rendez-vous, Vente en ligne","Matin, Après-midi","Matin, Après-midi","Matin, Après-midi","Matin, Après-midi","Matin, Après-midi","Matin, Après-midi","Matin, Après-midi",,Vaucluse, <br />Photographe <br /> <br />,"Lundi :Matin, Après-midi\nMardi :Matin, Après-midi\nMercredi :Matin, Après-midi\nJeudi :Matin, Après-midi\nVendredi :Matin, Après-midi\nSamedi :Matin, Après-midi\nDimanche :Matin, Après-midi","Commande par téléphone<br /> Déplacement à domicile<br /> En magasin<br /> Sur rendez-vous<br /> Vente en ligne<br /><a href=""https://fredsphotographe.com"" target=""_blank"">https://fredsphotographe.com</a>",Morières-lès-Avignon,https://docs.google.com/forms/d/e/1FAIpQLSedEvhvPyeuy-qQ8ZdyaXP9g9Uv4IuQNWlsXvhOMnaqGC8tgg/viewform?edit2=2_ABaOnudbw32zASmHtgLcukvaLZraAQ2gXWDpjgG168Bbpq7x1gjApqt-RvWTZXPMVcoVGiw
TMJ MONTAUROUX,Montauroux,TMJ MONTAUROUX,51281780000018,325 CHEMIN DE LA BUISSIERE 83440 MONTAUROUX,"43,5926202","6,7891414",joly.xavier@hotmail.fr,0661380496,https://maconnerie-montauroux.fr/,,,Maçon,,Sur rendez-vous,"Matin, Après-midi","Matin, Après-midi","Matin, Après-midi","Matin, Après-midi","Matin, Après-midi",,,,Var, <br /> <br />Maçon <br />,"Lundi :Matin, Après-midi\nMardi :Matin, Après-midi\nMercredi :Matin, Après-midi\nJeudi :Matin, Après-midi\nVendredi :Matin, Après-midi","Sur rendez-vous<br /><a href=""https://maconnerie-montauroux.fr/"" target=""_blank"">https://maconnerie-montauroux.fr/</a>",Montauroux,https://docs.google.com/forms/d/e/1FAIpQLSedEvhvPyeuy-qQ8ZdyaXP9g9Uv4IuQNWlsXvhOMnaqGC8tgg/viewform?edit2=2_ABaOnudqb-JUbAvnlTeXU5dPq41Lv_A9BmxGODu2lflvkmoq-oLCQ6UVJ25Y32NHkCeOsH4
Julia Pub Déco,Antibes,Julia Pub Déco,48276897500021,144 voie tripodi 06600 Antibes,"43,5985698","7,0840117",julia.pubdeco@gmail.com,0624373243,http://www.facebook.com/pages/Julia-Pub-decO/116735675058439?v=info,,Personnalisation de textile et impression numérique,,,"Commande par téléphone, Déplacement à domicile, En magasin, Livraison, Sur rendez-vous, Vente en ligne","Matin, Midi, Après-midi","Matin, Midi, Après-midi","Matin, Midi, Après-midi","Matin, Midi, Après-midi","Matin, Midi, Après-midi",Matin,,,Alpes-Maritimes, <br />Personnalisation de textile et impression numérique <br /> <br />,"Lundi :Matin, Midi, Après-midi\nMardi :Matin, Midi, Après-midi\nMercredi :Matin, Midi, Après-midi\nJeudi :Matin, Midi, Après-midi\nVendredi :Matin, Midi, Après-midi\nSamedi :Matin","Commande par téléphone<br /> Déplacement à domicile<br /> En magasin<br /> Livraison<br /> Sur rendez-vous<br /> Vente en ligne<br /><a href=""http://www.facebook.com/pages/Julia-Pub-decO/116735675058439?v=info"" target=""_blank"">http://www.facebook.com/pages/Julia-Pub-decO/116735675058439?v=info</a>",Antibes,https://docs.google.com/forms/d/e/1FAIpQLSedEvhvPyeuy-qQ8ZdyaXP9g9Uv4IuQNWlsXvhOMnaqGC8tgg/viewform?edit2=2_ABaOnucKYnOf8rJSUpRpCs4xC-nYpHwBejfh5F7HEs2JFfIojbEgGGBoMezf3nEq1LIFukE
Jon Electronics,Mormoiron,Jon Electronics,32229109700044,6 Chemin de la Breche 84570 Mormoiron,"44,0687193","5,1832063",jonelectronics@yahoo.com,0490616234,https://www.jon-electronics.com,,Réparations Electroniques,,,En atelier,"Matin, Après-midi","Matin, Après-midi","Matin, Après-midi",Après-midi,"Matin, Après-midi",Après-midi,,,Vaucluse, <br />Réparations Electroniques <br /> <br />,"Lundi :Matin, Après-midi\nMardi :Matin, Après-midi\nMercredi :Matin, Après-midi\nJeudi :Après-midi\nVendredi :Matin, Après-midi\nSamedi :Après-midi","En atelier<br /><a href=""https://www.jon-electronics.com"" target=""_blank"">https://www.jon-electronics.com</a>",Mormoiron,https://docs.google.com/forms/d/e/1FAIpQLSedEvhvPyeuy-qQ8ZdyaXP9g9Uv4IuQNWlsXvhOMnaqGC8tgg/viewform?edit2=2_ABaOnucdKnELLDzkADmLyRDAY5B1l5Pk41Rz89k7ak9IGOThpETV6rk1LCED8EYIBAIPq1k
Les Folies de Cajumy,Orange,Les Folies de Cajumy,83178927600019,"163 rue des sables, 84100 ORANGE","44,1295216","4,8259602",lesfoliesdecajumy@gmail.com,0662215568,https://lesfoliesdecajumy.fr/,,Couturier,,,"Sur rendez-vous, Vente en ligne","Matin, Midi, Après-midi","Matin, Midi, Après-midi","Matin, Midi, Après-midi","Matin, Midi, Après-midi","Matin, Midi, Après-midi","Matin, Midi, Après-midi",,,Vaucluse, <br />Couturier <br /> <br />,"Lundi :Matin, Midi, Après-midi\nMardi :Matin, Midi, Après-midi\nMercredi :Matin, Midi, Après-midi\nJeudi :Matin, Midi, Après-midi\nVendredi :Matin, Midi, Après-midi\nSamedi :Matin, Midi, Après-midi","Sur rendez-vous<br /> Vente en ligne<br /><a href=""https://lesfoliesdecajumy.fr/"" target=""_blank"">https://lesfoliesdecajumy.fr/</a>",Orange,https://docs.google.com/forms/d/e/1FAIpQLSedEvhvPyeuy-qQ8ZdyaXP9g9Uv4IuQNWlsXvhOMnaqGC8tgg/viewform?edit2=2_ABaOnudzxbZxXm_t5mmxG0ZAgtJB8bPJ1eYblD2PkAo3s0Gu6GcU00nCJ4swy_zF98wOFxk
andréani créations,La Penne-sur-Huveaune,andréani créations,47889767100044,8 Imp Des Fleurs - 13821 la penne sur huveaune,"43,2779914","5,5143428",infos@atelier-andreani.fr,0662874996,https://www.atelier-andreani.fr,,,,"Bijoutier-joaillier, Potier-céramiste, réalisation d'oyas et art de la table sur demande","Commande par téléphone, Drive, En magasin, Livraison, Sur rendez-vous, Vente en ligne, en magasins revendeurs","Matin, Après-midi","Matin, Après-midi","Matin, Après-midi","Matin, Après-midi","Matin, Après-midi","Matin, Après-midi",,,Bouches-du-Rhône, <br /> <br /> <br />Bijoutier-joaillier <br /> Potier-céramiste <br /> réalisation d'oyas et art de la table sur demande,"Lundi :Matin, Après-midi\nMardi :Matin, Après-midi\nMercredi :Matin, Après-midi\nJeudi :Matin, Après-midi\nVendredi :Matin, Après-midi\nSamedi :Matin, Après-midi","Commande par téléphone<br /> Drive<br /> En magasin<br /> Livraison<br /> Sur rendez-vous<br /> Vente en ligne<br /> en magasins revendeurs<br /><a href=""https://www.atelier-andreani.fr"" target=""_blank"">https://www.atelier-andreani.fr</a>",La Penne-sur-Huveaune,https://docs.google.com/forms/d/e/1FAIpQLSedEvhvPyeuy-qQ8ZdyaXP9g9Uv4IuQNWlsXvhOMnaqGC8tgg/viewform?edit2=2_ABaOnucIhb0khFR0UoZwXa7Tnwn263ywixq99sGqRW3RTVpiw-xdDaXbL6-aa-Ags7Rp7No
SARL CrazyLED,Peymeinade,SARL CrazyLED,82071844300014,65 Avenue de Boutiny 06530 Peymeinade,"43,6443827","6,8821829",minineon@wanadoo.fr,0624966831,https://www.minineon.com/,,"Installateur, Réparateur d'appareils électroménagers, Réparateur de matériels électroniques",Électricien,,"Commande par téléphone, Drive, En magasin, Livraison, Vente en ligne","Matin, Midi","Matin, Midi","Matin, Midi","Matin, Midi","Matin, Midi",,,,Alpes-Maritimes, <br />Installateur <br /> Réparateur d'appareils électroménagers <br /> Réparateur de matériels électroniques <br />Électricien <br />,"Lundi :Matin, Midi\nMardi :Matin, Midi\nMercredi :Matin, Midi\nJeudi :Matin, Midi\nVendredi :Matin, Midi","Commande par téléphone<br /> Drive<br /> En magasin<br /> Livraison<br /> Vente en ligne<br /><a href=""https://www.minineon.com/"" target=""_blank"">https://www.minineon.com/</a>",Peymeinade,https://docs.google.com/forms/d/e/1FAIpQLSedEvhvPyeuy-qQ8ZdyaXP9g9Uv4IuQNWlsXvhOMnaqGC8tgg/viewform?edit2=2_ABaOnue9Jux6IrBWtHuGeRSH_SRBqieJZtoQoh02pstFTtlZ8JlPd22O7_uav9FNpeEek4w
SABYJOUX,Nice,SABYJOUX,82000429900021,11 avenue Alfred de Vigny 06100 Nice,"43,7240343","7,264251",sabrina.raffaelli@laposte.net,0613664624,https://sabyjoux.com,,,,Bijoutier-joaillier,"Commande par téléphone, Déplacement à domicile, Vente en ligne","Matin, Après-midi","Matin, Après-midi","Matin, Après-midi","Matin, Après-midi","Matin, Après-midi","Matin, Après-midi",,,Alpes-Maritimes, <br /> <br /> <br />Bijoutier-joaillier,"Lundi :Matin, Après-midi\nMardi :Matin, Après-midi\nMercredi :Matin, Après-midi\nJeudi :Matin, Après-midi\nVendredi :Matin, Après-midi\nSamedi :Matin, Après-midi","Commande par téléphone<br /> Déplacement à domicile<br /> Vente en ligne<br /><a href=""https://sabyjoux.com"" target=""_blank"">https://sabyjoux.com</a>",Nice,https://docs.google.com/forms/d/e/1FAIpQLSedEvhvPyeuy-qQ8ZdyaXP9g9Uv4IuQNWlsXvhOMnaqGC8tgg/viewform?edit2=2_ABaOnueX3TJOFRBKew4s4_SgMjoQR-XDZvlJjOfnN1iwL0x8xe6Lk7cmbxRrmsuK9o_Iogk
Les moulins du montagnier,Saint-Julien,Les moulins du montagnier,42467130300016,48 rue de malavalasse 83560 St julien le montagnier,"43,6945888","5,9146066",lesmoulinsdumontagnier@gmail.com,0494800333,https://www.facebook.com/Boulangerie-Les-Moulins-du-Montagnier-411918112524956,Boulanger / Pâtissier,,,,"Commande par téléphone, En magasin",Matin,"Matin, Après-midi",Matin,"Matin, Après-midi","Matin, Après-midi","Matin, Après-midi",Matin,,Var,Boulanger / Pâtissier <br /> <br /> <br />,"Lundi :Matin\nMardi :Matin, Après-midi\nMercredi :Matin\nJeudi :Matin, Après-midi\nVendredi :Matin, Après-midi\nSamedi :Matin, Après-midi\nDimanche :Matin","Commande par téléphone<br /> En magasin<br /><a href=""https://www.facebook.com/Boulangerie-Les-Moulins-du-Montagnier-411918112524956"" target=""_blank"">https://www.facebook.com/Boulangerie-Les-Moulins-du-Montagnier-411918112524956</a>",Saint-Julien,https://docs.google.com/forms/d/e/1FAIpQLSedEvhvPyeuy-qQ8ZdyaXP9g9Uv4IuQNWlsXvhOMnaqGC8tgg/viewform?edit2=2_ABaOnucNn5kLK5z8QrsW9Yaz20tmxt-ZwpEJe5a4xTcJoVSVHbIpv9e7RfpjvzOtTlg1BSY
Chaudronnerie Services 84,Orange,Chaudronnerie Services 84,82816803900018,ancienne route royale 84100 Orange,"44,1149238","4,8452275",chaudronnerie-services84@outlook.fr,0699583882,https://www.facebook.com/chaudronnerieservices84,,Chaudronnerie Soudure Serrurerie-métallerie,,,"Commande par téléphone, Sur rendez-vous","Matin, Après-midi","Matin, Après-midi","Matin, Après-midi","Matin, Après-midi","Matin, Après-midi",,,,Vaucluse, <br />Chaudronnerie Soudure Serrurerie-métallerie <br /> <br />,"Lundi :Matin, Après-midi\nMardi :Matin, Après-midi\nMercredi :Matin, Après-midi\nJeudi :Matin, Après-midi\nVendredi :Matin, Après-midi","Commande par téléphone<br /> Sur rendez-vous<br /><a href=""https://www.facebook.com/chaudronnerieservices84"" target=""_blank"">https://www.facebook.com/chaudronnerieservices84</a>",Orange,https://docs.google.com/forms/d/e/1FAIpQLSedEvhvPyeuy-qQ8ZdyaXP9g9Uv4IuQNWlsXvhOMnaqGC8tgg/viewform?edit2=2_ABaOnufi1MYep53sJ-InAlvl78fSkOc0vyxV59_sid4vn1V93MU-p0i3jEB29T8TARfcvI0
Prétexte coiffure,Roquebrune-Cap-Martin,Prétexte coiffure,43947737300013,207 avenue Aristide Briand 06190 Roquebrune-Cap-Martin,"43,765102","7,4850736",Fanny.pretexte@gmail.com,0493353496,,,Coiffeur / Esthétique,,,Avec ou sans rendez vous,"Matin, Midi, Après-midi","Matin, Midi, Après-midi","Matin, Midi, Après-midi","Matin, Midi, Après-midi","Matin, Midi, Après-midi","Matin, Midi, Après-midi",,,Alpes-Maritimes, <br />Coiffeur / Esthétique <br /> <br />,"Lundi :Matin, Midi, Après-midi\nMardi :Matin, Midi, Après-midi\nMercredi :Matin, Midi, Après-midi\nJeudi :Matin, Midi, Après-midi\nVendredi :Matin, Midi, Après-midi\nSamedi :Matin, Midi, Après-midi",Avec ou sans rendez vous,Roquebrune-Cap-Martin,https://docs.google.com/forms/d/e/1FAIpQLSedEvhvPyeuy-qQ8ZdyaXP9g9Uv4IuQNWlsXvhOMnaqGC8tgg/viewform?edit2=2_ABaOnufYoExuu-8bm-RBzyrCd_iF0MHBFk_Nw1hcZ5x9kaRfWA2N28AuXiSlLx1fYZMMvvI
Au jardin de Provence,Mandelieu-la-Napoule,Au jardin de Provence,39345159600018,822 avenue janvier Passero 06210 mandelieu,"43,5534725","6,9384839",jardindeprovence@orange.fr,0493930200,,,Fleuriste,,,"Commande par téléphone, Drive, Déplacement à domicile, En magasin, Livraison","Matin, Midi, Après-midi","Matin, Midi, Après-midi","Matin, Midi, Après-midi","Matin, Midi, Après-midi","Matin, Midi, Après-midi","Matin, Midi, Après-midi","Matin, Midi",,Alpes-Maritimes, <br />Fleuriste <br /> <br />,"Lundi :Matin, Midi, Après-midi\nMardi :Matin, Midi, Après-midi\nMercredi :Matin, Midi, Après-midi\nJeudi :Matin, Midi, Après-midi\nVendredi :Matin, Midi, Après-midi\nSamedi :Matin, Midi, Après-midi\nDimanche :Matin, Midi",Commande par téléphone<br /> Drive<br /> Déplacement à domicile<br /> En magasin<br /> Livraison,Mandelieu-la-Napoule,https://docs.google.com/forms/d/e/1FAIpQLSedEvhvPyeuy-qQ8ZdyaXP9g9Uv4IuQNWlsXvhOMnaqGC8tgg/viewform?edit2=2_ABaOnueadXxxbnfGYpRvrWTF_qlJTtMlLdH9pOkSOEg6_abBL7vuzxYwjA555tDlThSwQfU
Santons Campana,Aubagne,Santons Campana,42036479600045,300 traverse de la vallée 13400 Aubagne,"43,287965","5,5517611",contact@santonscampana.com,0973600580,https://www.santonscampana.com,,,,Santonnier,"Commande par téléphone, En magasin, Vente en ligne","Matin, Midi, Après-midi","Matin, Midi, Après-midi","Matin, Midi, Après-midi","Matin, Midi, Après-midi","Matin, Midi, Après-midi",,,,Bouches-du-Rhône, <br /> <br /> <br />Santonnier,"Lundi :Matin, Midi, Après-midi\nMardi :Matin, Midi, Après-midi\nMercredi :Matin, Midi, Après-midi\nJeudi :Matin, Midi, Après-midi\nVendredi :Matin, Midi, Après-midi","Commande par téléphone<br /> En magasin<br /> Vente en ligne<br /><a href=""https://www.santonscampana.com"" target=""_blank"">https://www.santonscampana.com</a>",Aubagne,https://docs.google.com/forms/d/e/1FAIpQLSedEvhvPyeuy-qQ8ZdyaXP9g9Uv4IuQNWlsXvhOMnaqGC8tgg/viewform?edit2=2_ABaOnufO1ptquDvjsublfODWMFe4RGkUodk7M9OuvZ3RuDA_tKIgwe1STUc9MZ6la1xd8HI
MENUISERIE FONT,Morières-lès-Avignon,MENUISERIE FONT,80297026900014,144 IMPASSE DES ARCHERS 84310 MORIERES,"43,928705","4,9111629",menuiserie-font@orange.fr,0620422469,https://www.menuiseriefont.com,,,Menuisier bois et aluminium,,"Commande par téléphone, Déplacement à domicile, Livraison, Sur rendez-vous","Matin, Midi, Après-midi","Matin, Midi, Après-midi","Matin, Midi, Après-midi","Matin, Midi, Après-midi","Matin, Midi, Après-midi",,,,Vaucluse, <br /> <br />Menuisier bois et aluminium <br />,"Lundi :Matin, Midi, Après-midi\nMardi :Matin, Midi, Après-midi\nMercredi :Matin, Midi, Après-midi\nJeudi :Matin, Midi, Après-midi\nVendredi :Matin, Midi, Après-midi","Commande par téléphone<br /> Déplacement à domicile<br /> Livraison<br /> Sur rendez-vous<br /><a href=""https://www.menuiseriefont.com"" target=""_blank"">https://www.menuiseriefont.com</a>",Morières-lès-Avignon,https://docs.google.com/forms/d/e/1FAIpQLSedEvhvPyeuy-qQ8ZdyaXP9g9Uv4IuQNWlsXvhOMnaqGC8tgg/viewform?edit2=2_ABaOnucdMa7w3SairDzB5Sm2n11A-ZDwCSoo68yiIXeTyASF9vbaA03WFaoaNMacy0lWMc0
Gaël pizza,Mondragon,Gaël pizza,81328474200018,Route de rochegude 84430 Mondragon,"44,2368859","4,7374883",gaelpizza84@gmail.com,0782007099,https://gaelpizza.fr,Crêpier / Pizzaïolo,,,,"Commande par téléphone, Sur rendez-vous",,Après-midi,Après-midi,,Après-midi,Après-midi,Après-midi,,Vaucluse,Crêpier / Pizzaïolo <br /> <br /> <br />,Mardi :Après-midi\nMercredi :Après-midi\nVendredi :Après-midi\nSamedi :Après-midi\nDimanche :Après-midi,"Commande par téléphone<br /> Sur rendez-vous<br /><a href=""https://gaelpizza.fr"" target=""_blank"">https://gaelpizza.fr</a>",Mondragon,https://docs.google.com/forms/d/e/1FAIpQLSedEvhvPyeuy-qQ8ZdyaXP9g9Uv4IuQNWlsXvhOMnaqGC8tgg/viewform?edit2=2_ABaOnudlzb15IguUW03Vfuv6mUq7s95nuTf1GiUsbNUxlVN5xYR_i4hCNUxl6rw5m68BTDk
NLS France,Cannes,NLS France,80781824000010,"59, boulevard Alexandre III - 06400 CANNES","43,5467883","7,0428061",contact@nlsfrance.fr,0601333442,https://www.mynicetransfer.com,,Transport premium de personnes / EVTC,,,"Commande par téléphone, Vente en ligne","Matin, Midi, Après-midi","Matin, Midi, Après-midi","Matin, Midi, Après-midi","Matin, Midi, Après-midi","Matin, Midi, Après-midi","Matin, Midi, Après-midi","Matin, Midi, Après-midi",,Alpes-Maritimes, <br />Transport premium de personnes / EVTC <br /> <br />,"Lundi :Matin, Midi, Après-midi\nMardi :Matin, Midi, Après-midi\nMercredi :Matin, Midi, Après-midi\nJeudi :Matin, Midi, Après-midi\nVendredi :Matin, Midi, Après-midi\nSamedi :Matin, Midi, Après-midi\nDimanche :Matin, Midi, Après-midi","Commande par téléphone<br /> Vente en ligne<br /><a href=""https://www.mynicetransfer.com"" target=""_blank"">https://www.mynicetransfer.com</a>",Cannes,https://docs.google.com/forms/d/e/1FAIpQLSedEvhvPyeuy-qQ8ZdyaXP9g9Uv4IuQNWlsXvhOMnaqGC8tgg/viewform?edit2=2_ABaOnueLPMSCcs6kCbrR-khXKc1FJc2K6gPfpqOR-S0f2_1OnXVnTXSvf8SDg9UGk1vArtE
BATISUN 83,La Valette-du-Var,BATISUN 83,83522817200010,575 avenue sainte Cécile 83160 La Valette-du-Var,"43,1445266","5,9825443",Contactbatisun83@gmail.com,0770492839,,,,"Carreleur mosaïque, Maçon, Peintre en bâtiment, Plâtrier-plaquiste",,,"Matin, Midi, Après-midi","Matin, Midi, Après-midi","Matin, Midi, Après-midi","Matin, Midi, Après-midi","Matin, Midi, Après-midi","Matin, Midi, Après-midi",,,Var, <br /> <br />Carreleur mosaïque <br /> Maçon <br /> Peintre en bâtiment <br /> Plâtrier-plaquiste <br />,"Lundi :Matin, Midi, Après-midi\nMardi :Matin, Midi, Après-midi\nMercredi :Matin, Midi, Après-midi\nJeudi :Matin, Midi, Après-midi\nVendredi :Matin, Midi, Après-midi\nSamedi :Matin, Midi, Après-midi",,La Valette-du-Var,https://docs.google.com/forms/d/e/1FAIpQLSedEvhvPyeuy-qQ8ZdyaXP9g9Uv4IuQNWlsXvhOMnaqGC8tgg/viewform?edit2=2_ABaOnuc6G9pEFNr4U8NaUtxb2gOx4cNbmfjKtICrGxCo18knO7rzJzwfpXh2-hGCeFnWK38
La French by CS,Cogolin,La French by CS,82847279500016,3 Avenue Sigismond Coulet 83310 Cogolin,"43,2504734","6,5364576",Seilliercharlotte83@gmail.com,0659808130,https://lafrenchbycs.wixsite.com/monsite,,Coiffeur / Esthétique,,,"Déplacement à domicile, Sur rendez-vous","Matin, Après-midi","Matin, Après-midi","Matin, Après-midi",,"Matin, Après-midi",Matin,,,Var, <br />Coiffeur / Esthétique <br /> <br />,"Lundi :Matin, Après-midi\nMardi :Matin, Après-midi\nMercredi :Matin, Après-midi\nVendredi :Matin, Après-midi\nSamedi :Matin","Déplacement à domicile<br /> Sur rendez-vous<br /><a href=""https://lafrenchbycs.wixsite.com/monsite"" target=""_blank"">https://lafrenchbycs.wixsite.com/monsite</a>",Cogolin,https://docs.google.com/forms/d/e/1FAIpQLSedEvhvPyeuy-qQ8ZdyaXP9g9Uv4IuQNWlsXvhOMnaqGC8tgg/viewform?edit2=2_ABaOnudLZCfoGIJ4noWWkZteOejFjopXxvgL3trp7o2OywOtPiFsr9FkKSH0HMZ9SeTs1W8
sarl RAMBAUD ELECTRICITE,Gap,sarl RAMBAUD ELECTRICITE,50799984500047,Les Fauvettes B 3 rue des marronniers 05000 GAP,"44,5467538","6,0674803",elecgr@orange.fr,0492578098,https://www.rambaud-electricite05.fr/,,,Électricien,,,"Matin, Après-midi","Matin, Après-midi","Matin, Après-midi","Matin, Après-midi","Matin, Après-midi",,,,Hautes-Alpes, <br /> <br />Électricien <br />,"Lundi :Matin, Après-midi\nMardi :Matin, Après-midi\nMercredi :Matin, Après-midi\nJeudi :Matin, Après-midi\nVendredi :Matin, Après-midi","<br /><a href=""https://www.rambaud-electricite05.fr/"" target=""_blank"">https://www.rambaud-electricite05.fr/</a>",Gap,https://docs.google.com/forms/d/e/1FAIpQLSedEvhvPyeuy-qQ8ZdyaXP9g9Uv4IuQNWlsXvhOMnaqGC8tgg/viewform?edit2=2_ABaOnufDsFJNLEwIf2jIIbdgTGiI1z5lhn7xZoZTUQ6Aet9YDgPo0Vau4xelEJcpPfuoIhU
Choopy's Cupcakes & Coffeeshop,Antibes,Choopy's Cupcakes & Coffeeshop,82132517200012,"16, rue Vial 06600 Antibes","43,5808561","7,1244116",choopyscoffeeshop@gmail.com,0612760349,https://choopys.com,Pâtissier sans gluten,,,,"Commande par téléphone, Déplacement à domicile, En magasin, Livraison, Vente en ligne, Uber Eats et Just eat",,"Matin, Midi, Après-midi","Matin, Midi, Après-midi","Matin, Midi, Après-midi","Matin, Midi, Après-midi","Matin, Midi, Après-midi","Matin, Midi, Après-midi",,Alpes-Maritimes,Pâtissier sans gluten <br /> <br /> <br />,"Mardi :Matin, Midi, Après-midi\nMercredi :Matin, Midi, Après-midi\nJeudi :Matin, Midi, Après-midi\nVendredi :Matin, Midi, Après-midi\nSamedi :Matin, Midi, Après-midi\nDimanche :Matin, Midi, Après-midi","Commande par téléphone<br /> Déplacement à domicile<br /> En magasin<br /> Livraison<br /> Vente en ligne<br /> Uber Eats et Just eat<br /><a href=""https://choopys.com"" target=""_blank"">https://choopys.com</a>",Antibes,https://docs.google.com/forms/d/e/1FAIpQLSedEvhvPyeuy-qQ8ZdyaXP9g9Uv4IuQNWlsXvhOMnaqGC8tgg/viewform?edit2=2_ABaOnucpnI3CrduptsuNe0TTfoXJnVHUaoyfoWDE3iP_skQEuBwPEz5BU3VGKmKOGnOA8bM
Plomberie Générale P2G,Hyères,Plomberie Générale P2G,83440309900015,7 Avenue de L'Esterel 83400 GIENS,"43,0301418","6,1562152",plomberie.p2g@gmail.com,0649027039,,,,Plombier,,,"Matin, Midi, Après-midi","Matin, Midi, Après-midi","Matin, Midi, Après-midi","Matin, Midi, Après-midi","Matin, Midi, Après-midi","Matin, Midi, Après-midi",,,Var, <br /> <br />Plombier <br />,"Lundi :Matin, Midi, Après-midi\nMardi :Matin, Midi, Après-midi\nMercredi :Matin, Midi, Après-midi\nJeudi :Matin, Midi, Après-midi\nVendredi :Matin, Midi, Après-midi\nSamedi :Matin, Midi, Après-midi",,Hyères,https://docs.google.com/forms/d/e/1FAIpQLSedEvhvPyeuy-qQ8ZdyaXP9g9Uv4IuQNWlsXvhOMnaqGC8tgg/viewform?edit2=2_ABaOnucFQNdUL7Z2_akBLoT3Amg71dqq4yLPtybqCKsiC2bm1IezlBLOmYhYLD7oA1xLxco
Pensées Sauvages,Toulon,Pensées Sauvages,80087291300010,32 impasse Viel 83200 Toulon,"43,1357512","5,9077742",pensees.sauvages@sfr.fr,0641271512,,Jardinier,Entretien parcs et jardins,,,Déplacement à domicile,"Matin, Après-midi","Matin, Après-midi","Matin, Après-midi","Matin, Après-midi","Matin, Après-midi",,,,Var,Jardinier <br />Entretien parcs et jardins <br /> <br />,"Lundi :Matin, Après-midi\nMardi :Matin, Après-midi\nMercredi :Matin, Après-midi\nJeudi :Matin, Après-midi\nVendredi :Matin, Après-midi",Déplacement à domicile,Toulon,https://docs.google.com/forms/d/e/1FAIpQLSedEvhvPyeuy-qQ8ZdyaXP9g9Uv4IuQNWlsXvhOMnaqGC8tgg/viewform?edit2=2_ABaOnuc_DXsQbeWaJr16dPCm-HLfli0aR63phTAWoqpRDmjpZrnetIjVkxS5F-OuhXrWUKY
Espace beauté.,Néoules,Espace beauté.,51447166300013,3 avenue de la libération 83136 Néoules,"43,310411","6,013375",ombline83@bbox.fr,0494727683,https://www.coiffure-esthetique-neoules.fr,Coiffure,Coiffeur / Esthétique,,,Sur rendez-vous,"Matin, Midi, Après-midi","Matin, Midi, Après-midi",,"Matin, Midi, Après-midi","Matin, Midi, Après-midi","Matin, Midi, Après-midi",,,Var,Coiffure <br />Coiffeur / Esthétique <br /> <br />,"Lundi :Matin, Midi, Après-midi\nMardi :Matin, Midi, Après-midi\nJeudi :Matin, Midi, Après-midi\nVendredi :Matin, Midi, Après-midi\nSamedi :Matin, Midi, Après-midi","Sur rendez-vous<br /><a href=""https://www.coiffure-esthetique-neoules.fr"" target=""_blank"">https://www.coiffure-esthetique-neoules.fr</a>",Néoules,https://docs.google.com/forms/d/e/1FAIpQLSedEvhvPyeuy-qQ8ZdyaXP9g9Uv4IuQNWlsXvhOMnaqGC8tgg/viewform?edit2=2_ABaOnucg6HLDmatb1WYVLKXvnTV-1OFgJZDH0HWGCtK8oxYP7OJO377DpksRy4BThxGQl7s
Dolphy Services,Golfe Juan,Dolphy Services,44985236700019,Port Camille Rayon Nouveau Port de Golfe Juan 06220 Golfe Juan France,"43,5662814","7,0779763",dolphy.services@wanadoo.fr,0609527766,https://nimbus-france.fr,,Entretien et Nettoyage de bateaux,,,"En magasin, Sur rendez-vous, Vente en ligne","Matin, Midi, Après-midi","Matin, Midi, Après-midi","Matin, Midi, Après-midi","Matin, Midi, Après-midi","Matin, Midi, Après-midi",,,,Alpes-Maritimes, <br />Entretien et Nettoyage de bateaux <br /> <br />,"Lundi :Matin, Midi, Après-midi\nMardi :Matin, Midi, Après-midi\nMercredi :Matin, Midi, Après-midi\nJeudi :Matin, Midi, Après-midi\nVendredi :Matin, Midi, Après-midi","En magasin<br /> Sur rendez-vous<br /> Vente en ligne<br /><a href=""https://nimbus-france.fr"" target=""_blank"">https://nimbus-france.fr</a>",Golfe Juan,https://docs.google.com/forms/d/e/1FAIpQLSedEvhvPyeuy-qQ8ZdyaXP9g9Uv4IuQNWlsXvhOMnaqGC8tgg/viewform?edit2=2_ABaOnueQ2C7v4R46oqTeYS8RFCjcdWdpkfGF6FVGleAZ6G2q7SqlBjP726589Cf78uuMtmc
SOLARTINT,Vitrolles,SOLARTINT,32875322300044,rn 113 13127 VITROLLES,"43,4692045","5,2319943",group-b.m@hotmail.fr,0442751685,https://www.vitres-teintees-solartint-13.com,,Installateur,,Verrier,"Commande par téléphone, Déplacement à domicile, En magasin, Livraison, Sur rendez-vous, Vente en ligne","Matin, Après-midi","Matin, Après-midi","Matin, Après-midi","Matin, Après-midi","Matin, Après-midi",,,,Bouches-du-Rhône, <br />Installateur <br /> <br />Verrier,"Lundi :Matin, Après-midi\nMardi :Matin, Après-midi\nMercredi :Matin, Après-midi\nJeudi :Matin, Après-midi\nVendredi :Matin, Après-midi","Commande par téléphone<br /> Déplacement à domicile<br /> En magasin<br /> Livraison<br /> Sur rendez-vous<br /> Vente en ligne<br /><a href=""https://www.vitres-teintees-solartint-13.com"" target=""_blank"">https://www.vitres-teintees-solartint-13.com</a>",Vitrolles,https://docs.google.com/forms/d/e/1FAIpQLSedEvhvPyeuy-qQ8ZdyaXP9g9Uv4IuQNWlsXvhOMnaqGC8tgg/viewform?edit2=2_ABaOnufRC06KMwACdvphRSr1TwxVCj6r-NU02H2VESSDVUKr3eLYmqy0ustX07ziBpjq9tc
HARILLO JUAN,Carpentras,HARILLO JUAN,48446716200026,1788 Chemin de st gens/84200 Carpentras,"44,0318616","5,0477889",harillojuan@gmail.com,0607049837,https://www.harillo-paysages-vaucluse.fr/,,Paysagiste -Espaces verts,,,"Déplacement à domicile, Sur rendez-vous","Matin, Après-midi","Matin, Après-midi","Matin, Après-midi","Matin, Après-midi","Matin, Après-midi",Matin,,,Vaucluse, <br />Paysagiste -Espaces verts <br /> <br />,"Lundi :Matin, Après-midi\nMardi :Matin, Après-midi\nMercredi :Matin, Après-midi\nJeudi :Matin, Après-midi\nVendredi :Matin, Après-midi\nSamedi :Matin","Déplacement à domicile<br /> Sur rendez-vous<br /><a href=""https://www.harillo-paysages-vaucluse.fr/"" target=""_blank"">https://www.harillo-paysages-vaucluse.fr/</a>",Carpentras,https://docs.google.com/forms/d/e/1FAIpQLSedEvhvPyeuy-qQ8ZdyaXP9g9Uv4IuQNWlsXvhOMnaqGC8tgg/viewform?edit2=2_ABaOnufX2yNlW4X7OSSl3RlJh45hI42o2eYufVbVilWK79XFNIDmwtV04qFl-IWtCocOoaI
Quadrophena,Saint-Laurent-du-Var,Quadrophena,83896792500010,561 chemin du collet rouge montaleigne,"43,6977578","7,170545",kennybriolotta@gmail.com,0663675504,https://quadrophena.com,,"Photographe, Vidéaste ",,,"Commande par téléphone, Déplacement à domicile, Sur rendez-vous, Email","Matin, Midi, Après-midi","Matin, Midi, Après-midi","Matin, Midi, Après-midi","Matin, Midi, Après-midi","Matin, Midi, Après-midi","Matin, Midi, Après-midi","Matin, Midi, Après-midi",,Alpes-Maritimes, <br />Photographe <br /> Vidéaste  <br /> <br />,"Lundi :Matin, Midi, Après-midi\nMardi :Matin, Midi, Après-midi\nMercredi :Matin, Midi, Après-midi\nJeudi :Matin, Midi, Après-midi\nVendredi :Matin, Midi, Après-midi\nSamedi :Matin, Midi, Après-midi\nDimanche :Matin, Midi, Après-midi","Commande par téléphone<br /> Déplacement à domicile<br /> Sur rendez-vous<br /> Email<br /><a href=""https://quadrophena.com"" target=""_blank"">https://quadrophena.com</a>",Saint-Laurent-du-Var,https://docs.google.com/forms/d/e/1FAIpQLSedEvhvPyeuy-qQ8ZdyaXP9g9Uv4IuQNWlsXvhOMnaqGC8tgg/viewform?edit2=2_ABaOnueBArPysqtn3FBGmDI4pGDGRO0-J4VnWNwMNKd-MsFDcKDcCHAM3QBe7iC2gMiReow
ADL SERVICES,Manosque,ADL SERVICES,48940141400052,712 BD DU MARECHAL JUIN 04100 Manosque,"43,8335113","5,7987683",adl.services@hotmail.fr,0981088666,https://www.adlservices.fr/,,,Chauffagiste,,Sur rendez-vous,"Matin, Après-midi","Matin, Après-midi","Matin, Après-midi","Matin, Après-midi","Matin, Après-midi",,,,Alpes-de-Haute-Provence, <br /> <br />Chauffagiste <br />,"Lundi :Matin, Après-midi\nMardi :Matin, Après-midi\nMercredi :Matin, Après-midi\nJeudi :Matin, Après-midi\nVendredi :Matin, Après-midi","Sur rendez-vous<br /><a href=""https://www.adlservices.fr/"" target=""_blank"">https://www.adlservices.fr/</a>",Manosque,https://docs.google.com/forms/d/e/1FAIpQLSedEvhvPyeuy-qQ8ZdyaXP9g9Uv4IuQNWlsXvhOMnaqGC8tgg/viewform?edit2=2_ABaOnud9LM3MmBdadqJqgdT2dhHCSUVyAYgP_QHpuTwsQtrnlAE8MfgsoNFmNGOTilpQaCc
Letizia Laurent,Sanary-sur-Mer,Letizia Laurent,34392365200063,"48 montée des lauriers, 83110 sanary sur mer","43,129438","5,8152833",letizia.laurent@yahoo.fr,0651887417,,Traiteur,,,,,,"Matin, Midi","Matin, Midi","Matin, Midi","Matin, Midi","Matin, Midi","Matin, Midi",,Var,Traiteur <br /> <br /> <br />,"Mardi :Matin, Midi\nMercredi :Matin, Midi\nJeudi :Matin, Midi\nVendredi :Matin, Midi\nSamedi :Matin, Midi\nDimanche :Matin, Midi",,Sanary-sur-Mer,https://docs.google.com/forms/d/e/1FAIpQLSedEvhvPyeuy-qQ8ZdyaXP9g9Uv4IuQNWlsXvhOMnaqGC8tgg/viewform?edit2=2_ABaOnucRwdGdoJ0mHa7rtBPEvmVvnYwZS82JF_q9sJ3giioIOfhnS3ySqbNlYNZ2OHd4gtY
SARL BISSIERE,Avignon,SARL BISSIERE,53270283400021,856 ROUTE DE L'AERODROME 84140 Avignon,"43,9160797","4,8871271",rsb@bissiere.com,0490020311,https://www.rsbissiere-ramonage-plomberie.fr/,,Installateur,"Chauffagiste, Plombier, Climatisation",,"Déplacement à domicile, Sur rendez-vous","Matin, Après-midi","Matin, Après-midi","Matin, Après-midi","Matin, Après-midi","Matin, Après-midi",,,,Vaucluse, <br />Installateur <br />Chauffagiste <br /> Plombier <br /> Climatisation <br />,"Lundi :Matin, Après-midi\nMardi :Matin, Après-midi\nMercredi :Matin, Après-midi\nJeudi :Matin, Après-midi\nVendredi :Matin, Après-midi","Déplacement à domicile<br /> Sur rendez-vous<br /><a href=""https://www.rsbissiere-ramonage-plomberie.fr/"" target=""_blank"">https://www.rsbissiere-ramonage-plomberie.fr/</a>",Avignon,https://docs.google.com/forms/d/e/1FAIpQLSedEvhvPyeuy-qQ8ZdyaXP9g9Uv4IuQNWlsXvhOMnaqGC8tgg/viewform?edit2=2_ABaOnucH7QjUnP1Xd1ZXFDc7_TgyZS5pTOqMrzckOw2LIuTfEGBhfAzTllvFWWkmgAlaB4I
DE LA CHAPELLE,Aix-en-Provence,DE LA CHAPELLE,75024820500031,830 CHEMIN DE LA GUIRAMANDE 13090 AIX-EN-PROVENCE,"43,5035927","5,4497093",celinedelachapelle@orange.fr,0612855056,https://www.facebook.com/celine.delachapelle.5,,,,,"Commande par téléphone, Déplacement à domicile, Sur rendez-vous","Matin, Après-midi","Matin, Après-midi","Matin, Après-midi","Matin, Après-midi","Matin, Après-midi","Matin, Après-midi",,,Bouches-du-Rhône, <br /> <br /> <br />,"Lundi :Matin, Après-midi\nMardi :Matin, Après-midi\nMercredi :Matin, Après-midi\nJeudi :Matin, Après-midi\nVendredi :Matin, Après-midi\nSamedi :Matin, Après-midi","Commande par téléphone<br /> Déplacement à domicile<br /> Sur rendez-vous<br /><a href=""https://www.facebook.com/celine.delachapelle.5"" target=""_blank"">https://www.facebook.com/celine.delachapelle.5</a>",Aix-en-Provence,https://docs.google.com/forms/d/e/1FAIpQLSedEvhvPyeuy-qQ8ZdyaXP9g9Uv4IuQNWlsXvhOMnaqGC8tgg/viewform?edit2=2_ABaOnucY0-vmkYjxFzXqxraQbF2EQmNHvHF_RL2bc9mFdxNFiKNjOdS_uNOow5nbXmNGqXI
e-space photo,Fréjus,e-space photo,50430892500016,294rue Hippolyte Fabre 83600 Fréjus,"43,4258263","6,7484767",e-spacephoto@orange.fr,0662015419,http://e-spacephoto.fr,,Photographe,,,En magasin,,"Matin, Après-midi","Matin, Après-midi","Matin, Après-midi","Matin, Après-midi","Matin, Après-midi",,,Var, <br />Photographe <br /> <br />,"Mardi :Matin, Après-midi\nMercredi :Matin, Après-midi\nJeudi :Matin, Après-midi\nVendredi :Matin, Après-midi\nSamedi :Matin, Après-midi","En magasin<br /><a href=""http://e-spacephoto.fr"" target=""_blank"">http://e-spacephoto.fr</a>",Fréjus,https://docs.google.com/forms/d/e/1FAIpQLSedEvhvPyeuy-qQ8ZdyaXP9g9Uv4IuQNWlsXvhOMnaqGC8tgg/viewform?edit2=2_ABaOnuf-X7Rz20K4oJXU2aMaCSTVAOnv0VR9bR4T37Dob-Rhv3U1ueRpD0TjsVBJ3HjqnGg
Contrôle Auto Gravesonnais,Graveson,Contrôle Auto Gravesonnais,52205910400029,"156 rue Jean Deurrieu Pole d'activite du sagnon, 13690 Graveson","43,8859223","4,7800529",ferrari_f430@hotmail.fr,0490951167,https://controle-technique-graveson.autosecurite.com/,,Contrôle technique automobile,,,Sur rendez-vous,"Matin, Après-midi","Matin, Après-midi","Matin, Après-midi","Matin, Après-midi","Matin, Après-midi",Matin,,,Bouches-du-Rhône, <br />Contrôle technique automobile <br /> <br />,"Lundi :Matin, Après-midi\nMardi :Matin, Après-midi\nMercredi :Matin, Après-midi\nJeudi :Matin, Après-midi\nVendredi :Matin, Après-midi\nSamedi :Matin","Sur rendez-vous<br /><a href=""https://controle-technique-graveson.autosecurite.com/"" target=""_blank"">https://controle-technique-graveson.autosecurite.com/</a>",Graveson,https://docs.google.com/forms/d/e/1FAIpQLSedEvhvPyeuy-qQ8ZdyaXP9g9Uv4IuQNWlsXvhOMnaqGC8tgg/viewform?edit2=2_ABaOnudzYzwGmiBQV8x8IdmHfvb2TssOjBxhuTLIuYeoODMFXE71ZssDRhOgTtQ_4X6mWRA
MB ELECTRIQUE,L'Escarène,MB ELECTRIQUE,53000821800014,18 place Carnot 06440 l'escarene,"43,8343815","7,355392",contact@mbelectrique.com,0627098259,,,,Électricien,,Déplacement à domicile,"Matin, Après-midi","Matin, Après-midi","Matin, Après-midi","Matin, Après-midi","Matin, Après-midi",,,,Alpes-Maritimes, <br /> <br />Électricien <br />,"Lundi :Matin, Après-midi\nMardi :Matin, Après-midi\nMercredi :Matin, Après-midi\nJeudi :Matin, Après-midi\nVendredi :Matin, Après-midi",Déplacement à domicile,L'Escarène,https://docs.google.com/forms/d/e/1FAIpQLSedEvhvPyeuy-qQ8ZdyaXP9g9Uv4IuQNWlsXvhOMnaqGC8tgg/viewform?edit2=2_ABaOnud5R35R2BQDg0KE3wM9_g_pGnzUnse9SrTHiZQkdzhmxJlsJfsYqPeQsBuCTsPDSmo
BATON Nadine,Istres,BATON Nadine,75186891000017,16 avenue Alderic Chave 13800 Istres,"43,5072041","4,989812",nadific@gmail.com,0625953413,,,Administratif,,,,,"Midi, Après-midi",Après-midi,,Après-midi,"Matin, Midi, Après-midi","Matin, Midi, Après-midi",,Bouches-du-Rhône, <br />Administratif <br /> <br />,"Mardi :Midi, Après-midi\nMercredi :Après-midi\nVendredi :Après-midi\nSamedi :Matin, Midi, Après-midi\nDimanche :Matin, Midi, Après-midi",,Istres,https://docs.google.com/forms/d/e/1FAIpQLSedEvhvPyeuy-qQ8ZdyaXP9g9Uv4IuQNWlsXvhOMnaqGC8tgg/viewform?edit2=2_ABaOnudut06QuuO_uVCcT47gM0b9oKw15_7Rf_rqfLInUXzhKK08a4sOQ3tSAQOIa7cNgn0
Le Jardin de Nanie,Sisteron,Le Jardin de Nanie,80780961100013,102 rue de Provence 04200 Sisteron,"44,19584","5,9421062",lejardindenanie@orange.fr,0492355526,,,Fleuriste,,,"Commande par téléphone, En magasin, Livraison",Après-midi,"Matin, Midi, Après-midi","Matin, Midi, Après-midi","Matin, Midi, Après-midi","Matin, Midi, Après-midi","Matin, Midi, Après-midi",Matin,,Alpes-de-Haute-Provence, <br />Fleuriste <br /> <br />,"Lundi :Après-midi\nMardi :Matin, Midi, Après-midi\nMercredi :Matin, Midi, Après-midi\nJeudi :Matin, Midi, Après-midi\nVendredi :Matin, Midi, Après-midi\nSamedi :Matin, Midi, Après-midi\nDimanche :Matin",Commande par téléphone<br /> En magasin<br /> Livraison,Sisteron,https://docs.google.com/forms/d/e/1FAIpQLSedEvhvPyeuy-qQ8ZdyaXP9g9Uv4IuQNWlsXvhOMnaqGC8tgg/viewform?edit2=2_ABaOnuf62cPhRlCPgEUgB4Fbbz7QC3Kyzq8aXep7OmqbmHLfrj_EfVGTeqvZal2DHtnGQss
S.E bati,Forcalquier,S.E bati,48196454200023,30 résidence la gare 04300 forcalquier,"43,9558629","5,7768654",Marouane.barhdadi@sfr.fr,0610361250,,,,"Maçon, Plâtrier-plaquiste, Maçonnerie générale",,,"Matin, Midi, Après-midi","Matin, Midi, Après-midi","Matin, Midi, Après-midi","Matin, Midi, Après-midi","Matin, Midi, Après-midi",Matin,,,Alpes-de-Haute-Provence, <br /> <br />Maçon <br /> Plâtrier-plaquiste <br /> Maçonnerie générale <br />,"Lundi :Matin, Midi, Après-midi\nMardi :Matin, Midi, Après-midi\nMercredi :Matin, Midi, Après-midi\nJeudi :Matin, Midi, Après-midi\nVendredi :Matin, Midi, Après-midi\nSamedi :Matin",,Forcalquier,https://docs.google.com/forms/d/e/1FAIpQLSedEvhvPyeuy-qQ8ZdyaXP9g9Uv4IuQNWlsXvhOMnaqGC8tgg/viewform?edit2=2_ABaOnucEsNAaY6SGqyuXcEX13IGGXJPYDiIT-fLgCGt3VFXqk1Lweuc4u-cmPbc0AHcYSKA
Pizza Roma,Les Mées,Pizza Roma,88770355100010,17 bd des tilleuls 04190 les Mées,"44,0306447","5,9793039",corinne.plauchud@gmail.com,0672064127,,Pizzeria snack,,,,"Commande par téléphone, En magasin, Livraison","Midi, Après-midi","Midi, Après-midi","Midi, Après-midi","Midi, Après-midi","Midi, Après-midi",Après-midi,Après-midi,,Alpes-de-Haute-Provence,Pizzeria snack <br /> <br /> <br />,"Lundi :Midi, Après-midi\nMardi :Midi, Après-midi\nMercredi :Midi, Après-midi\nJeudi :Midi, Après-midi\nVendredi :Midi, Après-midi\nSamedi :Après-midi\nDimanche :Après-midi",Commande par téléphone<br /> En magasin<br /> Livraison,Les Mées,https://docs.google.com/forms/d/e/1FAIpQLSedEvhvPyeuy-qQ8ZdyaXP9g9Uv4IuQNWlsXvhOMnaqGC8tgg/viewform?edit2=2_ABaOnueLLgsyVa-6JV5krYUHpAI2MpCrbFEQ0DScIyioHfU_8tr_aWCCfdSapXn_Drfs5XE
Cordonnerie de l'Oulle,Avignon,Cordonnerie de l'Oulle,84268230400023,29 Rue Saint Etienne 84000 Avignon,"43,9508172","4,8032082",cordonneriedeloulle@gmail.com,0490854120,https://www.facebook.com/cordonneriedeloulle/,,,,Cordonnier,En magasin,,"Matin, Après-midi","Matin, Après-midi","Matin, Après-midi","Matin, Après-midi","Matin, Après-midi",,,Vaucluse, <br /> <br /> <br />Cordonnier,"Mardi :Matin, Après-midi\nMercredi :Matin, Après-midi\nJeudi :Matin, Après-midi\nVendredi :Matin, Après-midi\nSamedi :Matin, Après-midi","En magasin<br /><a href=""https://www.facebook.com/cordonneriedeloulle/"" target=""_blank"">https://www.facebook.com/cordonneriedeloulle/</a>",Avignon,https://docs.google.com/forms/d/e/1FAIpQLSedEvhvPyeuy-qQ8ZdyaXP9g9Uv4IuQNWlsXvhOMnaqGC8tgg/viewform?edit2=2_ABaOnudAMywv4qFb7GlOVY5l4eQeuGDLFTu5iBM1mKMvWv-vDtxAheGFjb3N7pujJpUNmPk
SAS IDOS INFORMATIQUE,Château-Arnoux-Saint-Auban,SAS IDOS INFORMATIQUE,82171082900010,AVENUE LES BLACHES GOMBERT - ZA LES BLACHES GOMBERT - 04160 CHATEAU ARNOUYX,"44,0785804","5,9992388",alain@idos.pro,0492644349,https://www.idos.fr,,Réparateur de matériels électroniques,,,"Commande par téléphone, Déplacement à domicile, En magasin, Sur rendez-vous, DEPLACEMENT EN ENTREPRISE","Matin, Après-midi","Matin, Après-midi","Matin, Après-midi","Matin, Après-midi","Matin, Après-midi",,,,Alpes-de-Haute-Provence, <br />Réparateur de matériels électroniques <br /> <br />,"Lundi :Matin, Après-midi\nMardi :Matin, Après-midi\nMercredi :Matin, Après-midi\nJeudi :Matin, Après-midi\nVendredi :Matin, Après-midi","Commande par téléphone<br /> Déplacement à domicile<br /> En magasin<br /> Sur rendez-vous<br /> DEPLACEMENT EN ENTREPRISE<br /><a href=""https://www.idos.fr"" target=""_blank"">https://www.idos.fr</a>",Château-Arnoux-Saint-Auban,https://docs.google.com/forms/d/e/1FAIpQLSedEvhvPyeuy-qQ8ZdyaXP9g9Uv4IuQNWlsXvhOMnaqGC8tgg/viewform?edit2=2_ABaOnufTuVokcTBC71VbiSmMxdsKH87hbtTSRI_mAQl_LBvUG7XNjRs5tjTqLAsFUKaWZ4I
AMP CONCEPT BOIS,Bédarrides,AMP CONCEPT BOIS,82387659400016,7 PETITE ROUTE DE SORGUES 84370 BEDARRIDES,"44,0385991","4,8968301",amp.coneptbois@outlook.fr,0683025108,https://amp-concept-bois.business.site,,,"Charpentier, ",Ebéniste,"Déplacement à domicile, Sur rendez-vous","Matin, Après-midi","Matin, Après-midi","Matin, Après-midi","Matin, Après-midi","Matin, Après-midi",Matin,,,Vaucluse, <br /> <br />Charpentier <br />  <br />Ebéniste,"Lundi :Matin, Après-midi\nMardi :Matin, Après-midi\nMercredi :Matin, Après-midi\nJeudi :Matin, Après-midi\nVendredi :Matin, Après-midi\nSamedi :Matin","Déplacement à domicile<br /> Sur rendez-vous<br /><a href=""https://amp-concept-bois.business.site"" target=""_blank"">https://amp-concept-bois.business.site</a>",Bédarrides,https://docs.google.com/forms/d/e/1FAIpQLSedEvhvPyeuy-qQ8ZdyaXP9g9Uv4IuQNWlsXvhOMnaqGC8tgg/viewform?edit2=2_ABaOnudcenbp3Dym-xWaK6rS_nwticaLPRmXwlRFEcTZR_H8rqHcs-HEe-YKhkez-BGMhiU
Frédéric Lesellier,Nice,Frédéric Lesellier,82944978400026,"71 boulevard de Cimiez, 06000 Nice","43,7200817","7,2736646",contact@frederic-lesellier.com,0782026031,https://www.frederic-lesellier.com,,,,Maroquinier et bottier,"Drive, En magasin, Livraison, Sur rendez-vous, Vente en ligne",Après-midi,Après-midi,Après-midi,Après-midi,Après-midi,Après-midi,,,Alpes-Maritimes, <br /> <br /> <br />Maroquinier et bottier,Lundi :Après-midi\nMardi :Après-midi\nMercredi :Après-midi\nJeudi :Après-midi\nVendredi :Après-midi\nSamedi :Après-midi,"Drive<br /> En magasin<br /> Livraison<br /> Sur rendez-vous<br /> Vente en ligne<br /><a href=""https://www.frederic-lesellier.com"" target=""_blank"">https://www.frederic-lesellier.com</a>",Nice,https://docs.google.com/forms/d/e/1FAIpQLSedEvhvPyeuy-qQ8ZdyaXP9g9Uv4IuQNWlsXvhOMnaqGC8tgg/viewform?edit2=2_ABaOnue-_cLvZuyIbuqwLIBn-hFa3Ixl_n5-Tp4kMUtGZCpgNAoutdJ1Z8Xgce-TICBitrg
LE PETIT VALLAURIS,Le Pradet,LE PETIT VALLAURIS,44035303500023,92 CHEMIN DE LA BAYETTE 83220 LE PRADET,"43,1077868","6,0358896",contact@petitvallauris.fr,0954629832,https://petitvallauris.fr,,,,Potier-céramiste,"Commande par téléphone, Drive, En magasin, Livraison, Sur rendez-vous, Vente en ligne","Matin, Midi, Après-midi","Matin, Midi, Après-midi","Matin, Midi, Après-midi","Matin, Midi, Après-midi","Matin, Midi, Après-midi","Matin, Midi, Après-midi",,,Var, <br /> <br /> <br />Potier-céramiste,"Lundi :Matin, Midi, Après-midi\nMardi :Matin, Midi, Après-midi\nMercredi :Matin, Midi, Après-midi\nJeudi :Matin, Midi, Après-midi\nVendredi :Matin, Midi, Après-midi\nSamedi :Matin, Midi, Après-midi","Commande par téléphone<br /> Drive<br /> En magasin<br /> Livraison<br /> Sur rendez-vous<br /> Vente en ligne<br /><a href=""https://petitvallauris.fr"" target=""_blank"">https://petitvallauris.fr</a>",Le Pradet,https://docs.google.com/forms/d/e/1FAIpQLSedEvhvPyeuy-qQ8ZdyaXP9g9Uv4IuQNWlsXvhOMnaqGC8tgg/viewform?edit2=2_ABaOnudv1i4Ti88FMEztbg2RxE61E9x6ZeHf5CDwn0nyBgq_6rZ9AIPTj6Q5q7VUviPX7-I
Perfect coiffure,Menton,Perfect coiffure,43947737300021,28 avenue felix faure 06500 menton,"43,7746796","7,5024801",fanny.pretexte@gmail.com,0493356927,,,Coiffeur / Esthétique,,,Avec ou sans rendez vous,,"Matin, Midi, Après-midi","Matin, Midi, Après-midi","Matin, Midi, Après-midi","Matin, Midi, Après-midi","Matin, Midi, Après-midi",,,Alpes-Maritimes, <br />Coiffeur / Esthétique <br /> <br />,"Mardi :Matin, Midi, Après-midi\nMercredi :Matin, Midi, Après-midi\nJeudi :Matin, Midi, Après-midi\nVendredi :Matin, Midi, Après-midi\nSamedi :Matin, Midi, Après-midi",Avec ou sans rendez vous,Menton,https://docs.google.com/forms/d/e/1FAIpQLSedEvhvPyeuy-qQ8ZdyaXP9g9Uv4IuQNWlsXvhOMnaqGC8tgg/viewform?edit2=2_ABaOnucmRnj2UvSxdIc6L9WiEU9oW7b5PRk_P7RQv1T3ZYj6H1PR9h0tKravIvvZ3uFscz8
Les Cadriens,Opio,Les Cadriens,52294019600010,19 route de Nice 06650 Opio,"43,6686849","6,9923567",lescadriens@gmail.com,0493408369,,,,,Encadreur,En magasin,"Matin, Midi","Matin, Midi","Matin, Midi","Matin, Midi","Matin, Midi","Matin, Midi",,,Alpes-Maritimes, <br /> <br /> <br />Encadreur,"Lundi :Matin, Midi\nMardi :Matin, Midi\nMercredi :Matin, Midi\nJeudi :Matin, Midi\nVendredi :Matin, Midi\nSamedi :Matin, Midi",En magasin,Opio,https://docs.google.com/forms/d/e/1FAIpQLSedEvhvPyeuy-qQ8ZdyaXP9g9Uv4IuQNWlsXvhOMnaqGC8tgg/viewform?edit2=2_ABaOnucJVcaPjkH_pC4r0HDamyMfQxQp73U1kQ2FIV4JU4wJJ-QKZ76dOienXg9ILcod_no
Bmgpolyester,Cannes,Bmgpolyester,87850563500010,25avenue font de veyre 06150 cannes,"43,5528313","6,98638",Girelli06@gmail,0699468854,,,Étanchéité piscine,,,"Déplacement à domicile, Sur rendez-vous","Matin, Midi, Après-midi","Matin, Midi, Après-midi","Matin, Midi, Après-midi","Matin, Midi, Après-midi","Matin, Midi, Après-midi","Matin, Midi",,,Alpes-Maritimes, <br />Étanchéité piscine <br /> <br />,"Lundi :Matin, Midi, Après-midi\nMardi :Matin, Midi, Après-midi\nMercredi :Matin, Midi, Après-midi\nJeudi :Matin, Midi, Après-midi\nVendredi :Matin, Midi, Après-midi\nSamedi :Matin, Midi",Déplacement à domicile<br /> Sur rendez-vous,Cannes,
Bouakba Maçonnerie,Avignon,Bouakba Maçonnerie,82069667200014,11 rue Agathe Mottet 84000 Avignon,"43,9313099","4,8279329",Bouakba@aol.com,0623950378,,,,"Carreleur mosaïque, Charpentier, Installateur de piscine, Maçon, Plâtrier-plaquiste, Plombier",,,Après-midi,Après-midi,Après-midi,Après-midi,Après-midi,Après-midi,Après-midi,,Vaucluse, <br /> <br />Carreleur mosaïque <br /> Charpentier <br /> Installateur de piscine <br /> Maçon <br /> Plâtrier-plaquiste <br /> Plombier <br />,Lundi :Après-midi\nMardi :Après-midi\nMercredi :Après-midi\nJeudi :Après-midi\nVendredi :Après-midi\nSamedi :Après-midi\nDimanche :Après-midi,,Avignon,https://docs.google.com/forms/d/e/1FAIpQLSedEvhvPyeuy-qQ8ZdyaXP9g9Uv4IuQNWlsXvhOMnaqGC8tgg/viewform?edit2=2_ABaOnuej6pDRZEf955EPO9yD_bq36EPmUsRcz-eGnxbq3XFxOvzFS_P1cu7dXSK3Xi7IOiY
La Cordonnerie,La Crau,La Cordonnerie,87976890100016,26 AVENUE GENERAL DE GAULLE 83260 LA CRAU,"43,1486572","6,0747163",lacordonnerielacrau@gmail.com,0494759597,https://lacordonnerielacrau.fr/,,,,Cordonnier,En magasin,,"Matin, Midi, Après-midi","Matin, Midi, Après-midi","Matin, Midi, Après-midi","Matin, Midi, Après-midi",Matin,,,Var, <br /> <br /> <br />Cordonnier,"Mardi :Matin, Midi, Après-midi\nMercredi :Matin, Midi, Après-midi\nJeudi :Matin, Midi, Après-midi\nVendredi :Matin, Midi, Après-midi\nSamedi :Matin","En magasin<br /><a href=""https://lacordonnerielacrau.fr/"" target=""_blank"">https://lacordonnerielacrau.fr/</a>",La Crau,https://docs.google.com/forms/d/e/1FAIpQLSedEvhvPyeuy-qQ8ZdyaXP9g9Uv4IuQNWlsXvhOMnaqGC8tgg/viewform?edit2=2_ABaOnue7p_8psjap4uJGTJs3YpRu9eO_BG8s7F2HIKsUmS0dJ_i4lg0SkdllnsSzbUD19QI
BIANCHI TP,Travaillan,BIANCHI TP,79038660100013,527 Route de Travaillan 84850 CAMARET SUR AIGUES,"44,1769609","4,8884826",bianchichris@orange.fr,0490351189,,,,Conducteur d'engins,,"Déplacement à domicile, Sur rendez-vous","Matin, Après-midi","Matin, Après-midi","Matin, Après-midi","Matin, Après-midi","Matin, Après-midi",,,,Vaucluse, <br /> <br />Conducteur d'engins <br />,"Lundi :Matin, Après-midi\nMardi :Matin, Après-midi\nMercredi :Matin, Après-midi\nJeudi :Matin, Après-midi\nVendredi :Matin, Après-midi",Déplacement à domicile<br /> Sur rendez-vous,Travaillan,https://docs.google.com/forms/d/e/1FAIpQLSedEvhvPyeuy-qQ8ZdyaXP9g9Uv4IuQNWlsXvhOMnaqGC8tgg/viewform?edit2=2_ABaOnueepvlhFNv1GgWNCqlJvbYl8RSbUsH9tVtGbEfr9wHJaSPVJF382VuGSe-IeMlnvsM
jmd service,Avignon,jmd service,50391963100021,45 avenue chevalier de folard 84000 Avignon,"43,9302011","4,8184955",jeanmarc84@gmail.com,0686991845,,,,Électricien,,Sur rendez-vous,"Matin, Midi, Après-midi","Matin, Midi, Après-midi","Matin, Midi, Après-midi","Matin, Midi, Après-midi","Matin, Midi, Après-midi","Matin, Midi, Après-midi","Matin, Midi, Après-midi",,Vaucluse, <br /> <br />Électricien <br />,"Lundi :Matin, Midi, Après-midi\nMardi :Matin, Midi, Après-midi\nMercredi :Matin, Midi, Après-midi\nJeudi :Matin, Midi, Après-midi\nVendredi :Matin, Midi, Après-midi\nSamedi :Matin, Midi, Après-midi\nDimanche :Matin, Midi, Après-midi",Sur rendez-vous,Avignon,https://docs.google.com/forms/d/e/1FAIpQLSedEvhvPyeuy-qQ8ZdyaXP9g9Uv4IuQNWlsXvhOMnaqGC8tgg/viewform?edit2=2_ABaOnuen4ztimh6DkjETeILnluIYcHb9wYXgXb4TiHvnau_IFPXnR7VwAB9Kb4-M7Pafg58
aillot services eurl,Carpentras,aillot services eurl,50475522400012,232 chemin de lira 84200 CARPENTRAS,"44,0599239","5,0376404",a.autard@hotmail.fr,0490697183,,,,Serrurier-métallier,,"Commande par téléphone, Déplacement à domicile, Livraison, Sur rendez-vous","Matin, Midi, Après-midi","Matin, Midi, Après-midi","Matin, Midi, Après-midi","Matin, Midi, Après-midi","Matin, Midi",,,,Vaucluse, <br /> <br />Serrurier-métallier <br />,"Lundi :Matin, Midi, Après-midi\nMardi :Matin, Midi, Après-midi\nMercredi :Matin, Midi, Après-midi\nJeudi :Matin, Midi, Après-midi\nVendredi :Matin, Midi",Commande par téléphone<br /> Déplacement à domicile<br /> Livraison<br /> Sur rendez-vous,Carpentras,https://docs.google.com/forms/d/e/1FAIpQLSedEvhvPyeuy-qQ8ZdyaXP9g9Uv4IuQNWlsXvhOMnaqGC8tgg/viewform?edit2=2_ABaOnuekMzEwFwYbcvKGvymIbtVIfNaUoNoeb3CZRtsrrTKEOwnnBSXjCY5nv-Jwaz-zNzQ
LUBERON DURANCE SERVICES,Cucuron,LUBERON DURANCE SERVICES,82263973800027,BP 12 84160 CUCURON,"43,773077","5,438812",ldservices.pertuis@gmail.com,0486287999,,,Services à la personne,,,Sur rendez-vous,"Matin, Après-midi","Matin, Après-midi","Matin, Après-midi","Matin, Après-midi","Matin, Après-midi",,,,Vaucluse, <br />Services à la personne <br /> <br />,"Lundi :Matin, Après-midi\nMardi :Matin, Après-midi\nMercredi :Matin, Après-midi\nJeudi :Matin, Après-midi\nVendredi :Matin, Après-midi",Sur rendez-vous,Cucuron,https://docs.google.com/forms/d/e/1FAIpQLSedEvhvPyeuy-qQ8ZdyaXP9g9Uv4IuQNWlsXvhOMnaqGC8tgg/viewform?edit2=2_ABaOnudJFnrLa6XzuOy3AEtZxeF9Fg0RsIpw08u1phiQr62MCpxfri2KAmNM_ndCBc9dPEA
PLANET SAV,Le Rove,PLANET SAV,48941898800023,ZA Les Pielettes 13740 LE ROVE,"43,3762029","5,226577",contact@planetsav.com,0484258060,https://www.planetsav.com/,,"Réparateur d'appareils électroménagers, Réparateur de matériels électroniques",,,Sur rendez-vous,Après-midi,"Matin, Après-midi","Matin, Après-midi","Matin, Après-midi","Matin, Après-midi",,,,Bouches-du-Rhône, <br />Réparateur d'appareils électroménagers <br /> Réparateur de matériels électroniques <br /> <br />,"Lundi :Après-midi\nMardi :Matin, Après-midi\nMercredi :Matin, Après-midi\nJeudi :Matin, Après-midi\nVendredi :Matin, Après-midi","Sur rendez-vous<br /><a href=""https://www.planetsav.com/"" target=""_blank"">https://www.planetsav.com/</a>",Le Rove,https://docs.google.com/forms/d/e/1FAIpQLSedEvhvPyeuy-qQ8ZdyaXP9g9Uv4IuQNWlsXvhOMnaqGC8tgg/viewform?edit2=2_ABaOnufmeu3s-u9FFGe8ze8bEbNLierw1r_e3L5EGou8vYqZ61mhMuM0rwyaOg1hgWy6K8c
Carrevip,Saint-Laurent-du-Var,Carrevip,45182665500024,133 avenue général Leclerc 06700 Saint-Laurent-du-Var,"43,6731866","7,1900888",philippe@carrevip-coiffeur.com,0493190129,,,Coiffeur / Esthétique,,,Sur rendez-vous,"Matin, Midi, Après-midi","Matin, Midi, Après-midi","Matin, Midi, Après-midi","Matin, Midi, Après-midi","Matin, Midi, Après-midi","Matin, Midi, Après-midi",,,Alpes-Maritimes, <br />Coiffeur / Esthétique <br /> <br />,"Lundi :Matin, Midi, Après-midi\nMardi :Matin, Midi, Après-midi\nMercredi :Matin, Midi, Après-midi\nJeudi :Matin, Midi, Après-midi\nVendredi :Matin, Midi, Après-midi\nSamedi :Matin, Midi, Après-midi",Sur rendez-vous,Saint-Laurent-du-Var,https://docs.google.com/forms/d/e/1FAIpQLSedEvhvPyeuy-qQ8ZdyaXP9g9Uv4IuQNWlsXvhOMnaqGC8tgg/viewform?edit2=2_ABaOnucF_hKHQ2LrTgN1S4uRgIMKAtcUcep9P8Eh6c98dnMf9I55UOR7onzdsIMYLinIhhU
Eric SPILLER Artistographe,Lambesc,Eric SPILLER Artistographe,35272089000024,"7, Lotissement Saint-Roch 13680 Lançon-Provence","43,6566111","5,257173",contact@eric-spiller.com,0681770829,https://www.eric-spiller.com,,Photographe,,,"Déplacement à domicile, Sur rendez-vous, evenementiel","Matin, Après-midi","Matin, Après-midi","Matin, Après-midi","Matin, Après-midi","Matin, Après-midi","Matin, Après-midi",,,Bouches-du-Rhône, <br />Photographe <br /> <br />,"Lundi :Matin, Après-midi\nMardi :Matin, Après-midi\nMercredi :Matin, Après-midi\nJeudi :Matin, Après-midi\nVendredi :Matin, Après-midi\nSamedi :Matin, Après-midi","Déplacement à domicile<br /> Sur rendez-vous<br /> evenementiel<br /><a href=""https://www.eric-spiller.com"" target=""_blank"">https://www.eric-spiller.com</a>",Lambesc,https://docs.google.com/forms/d/e/1FAIpQLSedEvhvPyeuy-qQ8ZdyaXP9g9Uv4IuQNWlsXvhOMnaqGC8tgg/viewform?edit2=2_ABaOnufFC7wTLxqxRCx2TePcdV-7b7XFKkGAt76hwXJelVmt12hW-i6y3n8YKxKJgbhQH28
GLASTINT NICE - EURL BYL,Nice,GLASTINT NICE - EURL BYL,42870262500040,centre Glastint - 94 rue de Roquebillière - 06300 NICE,"43,7061371","7,2847967",bylglastint@wanadoo.fr,0493266632,http://www.glastint.com/nice/,,Vitres teintées et stores,,,"Commande par téléphone, Déplacement à domicile, En magasin, Sur rendez-vous, EN ATELIER, EN PRESTATION CLIENTELE ( segment batiment )","Matin, Midi, Après-midi","Matin, Midi, Après-midi","Matin, Midi, Après-midi","Matin, Midi, Après-midi","Matin, Midi, Après-midi",,,,Alpes-Maritimes, <br />Vitres teintées et stores <br /> <br />,"Lundi :Matin, Midi, Après-midi\nMardi :Matin, Midi, Après-midi\nMercredi :Matin, Midi, Après-midi\nJeudi :Matin, Midi, Après-midi\nVendredi :Matin, Midi, Après-midi","Commande par téléphone<br /> Déplacement à domicile<br /> En magasin<br /> Sur rendez-vous<br /> EN ATELIER<br /> EN PRESTATION CLIENTELE ( segment batiment )<br /><a href=""http://www.glastint.com/nice/"" target=""_blank"">http://www.glastint.com/nice/</a>",Nice,https://docs.google.com/forms/d/e/1FAIpQLSedEvhvPyeuy-qQ8ZdyaXP9g9Uv4IuQNWlsXvhOMnaqGC8tgg/viewform?edit2=2_ABaOnucjoFJfvuh9Si4MNPcQmMoPArh-IuTKHb4ZixEQd71_NVMPMWiCK-DErfo5RCE35IY
CARROSSERIE GRASSOISE,Grasse,CARROSSERIE GRASSOISE,40381799200015,89 ROUTE DE DRAGUIGNAN 06130 GRASSE,"43,6429251","6,9039906",carrgrassoise@orange.fr,0493098916,,,Carrossier / Mécanicien,,,,"Matin, Après-midi","Matin, Après-midi","Matin, Après-midi","Matin, Après-midi","Matin, Après-midi",,,,Alpes-Maritimes, <br />Carrossier / Mécanicien <br /> <br />,"Lundi :Matin, Après-midi\nMardi :Matin, Après-midi\nMercredi :Matin, Après-midi\nJeudi :Matin, Après-midi\nVendredi :Matin, Après-midi",,Grasse,https://docs.google.com/forms/d/e/1FAIpQLSedEvhvPyeuy-qQ8ZdyaXP9g9Uv4IuQNWlsXvhOMnaqGC8tgg/viewform?edit2=2_ABaOnufLcmAdGLxNEpP4McDeaQmDTupDKLo0aWhp-tQ2NP5Fx0KhOo_C_eVxXFAnvcFVLT4
Contrastes,Marseille,Contrastes,39948405400057,11 avenue David Dellepiane 13007 Marseille,"43,2856816","5,3631292",contrastesdeco@gmail.com,0491316641,http://www.contrastes-pienture.fr,,,Peintre en bâtiment,,Déplacement à domicile,"Matin, Après-midi","Matin, Après-midi","Matin, Après-midi","Matin, Après-midi","Matin, Après-midi",Matin,,,Bouches-du-Rhône, <br /> <br />Peintre en bâtiment <br />,"Lundi :Matin, Après-midi\nMardi :Matin, Après-midi\nMercredi :Matin, Après-midi\nJeudi :Matin, Après-midi\nVendredi :Matin, Après-midi\nSamedi :Matin","Déplacement à domicile<br /><a href=""http://www.contrastes-pienture.fr"" target=""_blank"">http://www.contrastes-pienture.fr</a>",Marseille,https://docs.google.com/forms/d/e/1FAIpQLSedEvhvPyeuy-qQ8ZdyaXP9g9Uv4IuQNWlsXvhOMnaqGC8tgg/viewform?edit2=2_ABaOnufz8YIg0EQlWIO3iacCB85IqaghYd2BCbTzyh8_5XfWRB8o7sYQ6Mz2D-G8lebyiWo
Creative Sens,Nice,Creative Sens,81001464700012,"34, rue Masséna 06000 NICE","43,6969378","7,2651597",camolez@gmail.com,0612861325,https://www.creativesens.com,,"Photographe, Graphiste",,,"Commande par téléphone, Déplacement à domicile, En magasin, Sur rendez-vous","Matin, Midi, Après-midi","Matin, Midi, Après-midi","Matin, Midi, Après-midi","Matin, Midi, Après-midi","Matin, Midi, Après-midi",Matin,,,Alpes-Maritimes, <br />Photographe <br /> Graphiste <br /> <br />,"Lundi :Matin, Midi, Après-midi\nMardi :Matin, Midi, Après-midi\nMercredi :Matin, Midi, Après-midi\nJeudi :Matin, Midi, Après-midi\nVendredi :Matin, Midi, Après-midi\nSamedi :Matin","Commande par téléphone<br /> Déplacement à domicile<br /> En magasin<br /> Sur rendez-vous<br /><a href=""https://www.creativesens.com"" target=""_blank"">https://www.creativesens.com</a>",Nice,https://docs.google.com/forms/d/e/1FAIpQLSedEvhvPyeuy-qQ8ZdyaXP9g9Uv4IuQNWlsXvhOMnaqGC8tgg/viewform?edit2=2_ABaOnufQSoegVVkND_uCi2WYLgxWqcGnMyuYSMzn3CcPPL5Lv6mhwHJH0mw6Tk4e-SRWik8
KimSon,La Seyne-sur-Mer,KimSon,80950352700016,254 avenue Charles De Gaulle 83500 La-Seyne-sur-Mer,"43,0807139","5,889041",contact@kimson.fr,0661560440,,,,Peintre en bâtiment,,"Déplacement à domicile, Sur rendez-vous","Matin, Midi, Après-midi","Matin, Midi, Après-midi","Matin, Midi, Après-midi","Matin, Midi, Après-midi","Matin, Midi, Après-midi",,,,Var, <br /> <br />Peintre en bâtiment <br />,"Lundi :Matin, Midi, Après-midi\nMardi :Matin, Midi, Après-midi\nMercredi :Matin, Midi, Après-midi\nJeudi :Matin, Midi, Après-midi\nVendredi :Matin, Midi, Après-midi",Déplacement à domicile<br /> Sur rendez-vous,La Seyne-sur-Mer,https://docs.google.com/forms/d/e/1FAIpQLSedEvhvPyeuy-qQ8ZdyaXP9g9Uv4IuQNWlsXvhOMnaqGC8tgg/viewform?edit2=2_ABaOnucOZDx-ekOREHFq5M1_TxmCAv15vTkqLCYXCAS2z63wl_HS2CwEAsxdDctn77W9Erw
Services Animaux 83,Seillons-Source-d'Argens,Services Animaux 83,83410060400018,83470 Seillons source d’argens,"43,496495","5,883536",Services.animaux83@outlook.com,0768035810,https://www.facebook.com/Servicesanimaux83/,,Garde d’animaux,,,,"Matin, Midi, Après-midi","Matin, Midi, Après-midi","Matin, Midi, Après-midi","Matin, Midi, Après-midi","Matin, Midi, Après-midi","Matin, Midi, Après-midi","Matin, Midi, Après-midi",,Var, <br />Garde d’animaux <br /> <br />,"Lundi :Matin, Midi, Après-midi\nMardi :Matin, Midi, Après-midi\nMercredi :Matin, Midi, Après-midi\nJeudi :Matin, Midi, Après-midi\nVendredi :Matin, Midi, Après-midi\nSamedi :Matin, Midi, Après-midi\nDimanche :Matin, Midi, Après-midi","<br /><a href=""https://www.facebook.com/Servicesanimaux83/"" target=""_blank"">https://www.facebook.com/Servicesanimaux83/</a>",Seillons-Source-d'Argens,https://docs.google.com/forms/d/e/1FAIpQLSedEvhvPyeuy-qQ8ZdyaXP9g9Uv4IuQNWlsXvhOMnaqGC8tgg/viewform?edit2=2_ABaOnueUqfjcFcRK7A_WZp9st-C7-8e0FUql2-XFs1kBXvBW2cjdaC34QU1tHqmIPpKnkpM
STUDIO PHOTO Fabrice Le LIVEC,Toulon,STUDIO PHOTO Fabrice Le LIVEC,51407176000029,606 avenue des moulins 83200 TOULON,"43,1424878","5,9133159",contact@studiophoto-fabrice-le-livec.fr,0646342767,https://www.studiophoto-fabrice-le-livec.fr/,,Photographe,,,Sur rendez-vous,"Matin, Midi, Après-midi","Matin, Midi, Après-midi","Matin, Midi, Après-midi","Matin, Midi, Après-midi","Matin, Midi, Après-midi",,,,Var, <br />Photographe <br /> <br />,"Lundi :Matin, Midi, Après-midi\nMardi :Matin, Midi, Après-midi\nMercredi :Matin, Midi, Après-midi\nJeudi :Matin, Midi, Après-midi\nVendredi :Matin, Midi, Après-midi","Sur rendez-vous<br /><a href=""https://www.studiophoto-fabrice-le-livec.fr/"" target=""_blank"">https://www.studiophoto-fabrice-le-livec.fr/</a>",Toulon,https://docs.google.com/forms/d/e/1FAIpQLSedEvhvPyeuy-qQ8ZdyaXP9g9Uv4IuQNWlsXvhOMnaqGC8tgg/viewform?edit2=2_ABaOnueBvelYC6PWwdQnutGFJnTLdEp59Oos_xsSd30DmhQkC7_1OU4WI8QpG8fQafSMv78
christophe service,Marseille,christophe service,47797316800024,"118, rue Ferrari 13005 Marseille","43,2929107","5,3920864",christopheservice@gmail.com,0491942889,,,Carrossier / Mécanicien,,,"Commande par téléphone, En magasin, Sur rendez-vous","Matin, Après-midi","Matin, Après-midi","Matin, Après-midi","Matin, Après-midi","Matin, Après-midi",,,,Bouches-du-Rhône, <br />Carrossier / Mécanicien <br /> <br />,"Lundi :Matin, Après-midi\nMardi :Matin, Après-midi\nMercredi :Matin, Après-midi\nJeudi :Matin, Après-midi\nVendredi :Matin, Après-midi",Commande par téléphone<br /> En magasin<br /> Sur rendez-vous,Marseille,https://docs.google.com/forms/d/e/1FAIpQLSedEvhvPyeuy-qQ8ZdyaXP9g9Uv4IuQNWlsXvhOMnaqGC8tgg/viewform?edit2=2_ABaOnud8ChLy0W79aI9Zx6UUUt4QDwnmW2KGbpjavqyWytg0qr8K0Zi9MRurxVExt1EOcXM
SJ mécanicien mobile,Neffes,SJ mécanicien mobile,87881201500013,quartier prelonget 05000 Neffes ,"44,504769","6,022908",Jeaco@live.fr,0670524356,,,Carrossier / Mécanicien,,,"Déplacement à domicile, Sur rendez-vous","Matin, Midi","Matin, Midi","Matin, Midi","Matin, Midi","Matin, Midi",Matin,,,Hautes-Alpes, <br />Carrossier / Mécanicien <br /> <br />,"Lundi :Matin, Midi\nMardi :Matin, Midi\nMercredi :Matin, Midi\nJeudi :Matin, Midi\nVendredi :Matin, Midi\nSamedi :Matin",Déplacement à domicile<br /> Sur rendez-vous,Neffes,https://docs.google.com/forms/d/e/1FAIpQLSedEvhvPyeuy-qQ8ZdyaXP9g9Uv4IuQNWlsXvhOMnaqGC8tgg/viewform?edit2=2_ABaOnudgC3dvqwrAW2Nzzsjr1wUS1G1-sWB-abpOk5RvNHQwmvyGF7ZKkGxT-rGwYwhzpn0
Kwapinski,Plan-d'Orgon,Kwapinski,44027433000032,621 route de Cabannes 13750 Plan-d'Orgon,"43,8207181","5,0060764",k231937@gmail.com,0661065316,,,Nettoyage voiture produits naturels,,,"Commande par téléphone, Déplacement à domicile, Livraison, Vente en ligne",,,,,,"Matin, Midi, Après-midi","Matin, Midi, Après-midi",,Bouches-du-Rhône, <br />Nettoyage voiture produits naturels <br /> <br />,"Samedi :Matin, Midi, Après-midi\nDimanche :Matin, Midi, Après-midi",Commande par téléphone<br /> Déplacement à domicile<br /> Livraison<br /> Vente en ligne,Plan-d'Orgon,https://docs.google.com/forms/d/e/1FAIpQLSedEvhvPyeuy-qQ8ZdyaXP9g9Uv4IuQNWlsXvhOMnaqGC8tgg/viewform?edit2=2_ABaOnufoswrY0xJ3iydLGCuWINBBEz9shq2Rx-rPXUE1m_l3R1gb-p51yiplKFrgk4s1cAU
BLOC SAS,Carpentras,BLOC SAS,84768374500016,295 RUE EDOUARD DALADIER 84200 CARPENTRAS,"44,0336459","5,047021",blocsas84@gmail.com,0618340318,,Conserverie,,,,Commande par téléphone,Matin,Matin,Matin,Matin,Matin,,,,Vaucluse,Conserverie <br /> <br /> <br />,Lundi :Matin\nMardi :Matin\nMercredi :Matin\nJeudi :Matin\nVendredi :Matin,Commande par téléphone,Carpentras,https://docs.google.com/forms/d/e/1FAIpQLSedEvhvPyeuy-qQ8ZdyaXP9g9Uv4IuQNWlsXvhOMnaqGC8tgg/viewform?edit2=2_ABaOnufJwmNDKnRLOhMIym6LDiQ4lLs8SI1kIFb_vxyJtinI6ENaoZgNnbbxkVAN46kggqw
Maily Design,Roquebrune-sur-Argens,Maily Design,84891293700010,97 impasse des Néfliers 83520 Roquebrune sur Argens,"43,443024","6,6285945",mailydesignfr@gmail.com,0786634708,https://www.facebook.com/Mailydesignfr/,,Couturier,,Tailleur / costumier,"Commande par téléphone, Drive, Déplacement à domicile, Livraison, Sur rendez-vous, Vente en ligne, Marché","Matin, Midi, Après-midi","Matin, Midi, Après-midi","Matin, Midi, Après-midi","Matin, Midi, Après-midi","Matin, Midi, Après-midi","Matin, Midi, Après-midi","Matin, Midi, Après-midi",,Var, <br />Couturier <br /> <br />Tailleur / costumier,"Lundi :Matin, Midi, Après-midi\nMardi :Matin, Midi, Après-midi\nMercredi :Matin, Midi, Après-midi\nJeudi :Matin, Midi, Après-midi\nVendredi :Matin, Midi, Après-midi\nSamedi :Matin, Midi, Après-midi\nDimanche :Matin, Midi, Après-midi","Commande par téléphone<br /> Drive<br /> Déplacement à domicile<br /> Livraison<br /> Sur rendez-vous<br /> Vente en ligne<br /> Marché<br /><a href=""https://www.facebook.com/Mailydesignfr/"" target=""_blank"">https://www.facebook.com/Mailydesignfr/</a>",Roquebrune-sur-Argens,https://docs.google.com/forms/d/e/1FAIpQLSedEvhvPyeuy-qQ8ZdyaXP9g9Uv4IuQNWlsXvhOMnaqGC8tgg/viewform?edit2=2_ABaOnuejlF1Nou9gWbZ5tyl5yd3KJtzGjZiQwmN_ZF9KwtNm_oImYxNtN9fEmlDiBdGlmSc
CARROSSERIE DONI CAR,La Seyne-sur-Mer,CARROSSERIE DONI CAR,79515241200016,555 CHEMIN DE DONICARDE 83500 LA SEYNE-SUR-MER,"43,0966514","5,8676455",coco1083@bbox.fr ou coco1083@orange.fr,0662140920,,,Carroserie / Peinture,,,,"Matin, Midi, Après-midi","Matin, Midi, Après-midi","Matin, Midi, Après-midi","Matin, Midi, Après-midi","Matin, Midi, Après-midi","Matin, Midi, Après-midi",,,Var, <br />Carroserie / Peinture <br /> <br />,"Lundi :Matin, Midi, Après-midi\nMardi :Matin, Midi, Après-midi\nMercredi :Matin, Midi, Après-midi\nJeudi :Matin, Midi, Après-midi\nVendredi :Matin, Midi, Après-midi\nSamedi :Matin, Midi, Après-midi",,La Seyne-sur-Mer,
Guillaume fetas charpente navale,Marseille,Guillaume fetas charpente navale,75341877100014,27 rue neuve ste Catherine 13007 marseille,"43,2917904","5,3686608",guillaumefetas@gmail.com,0633141086,,,,"Charpentier, Constructeur bois et ouvrage d'art, Réalisation de divers ouvrages et Amenagements bois",,"Commande par téléphone, Déplacement à domicile, Livraison, Sur rendez-vous","Matin, Midi, Après-midi","Matin, Midi, Après-midi","Matin, Midi, Après-midi","Matin, Midi, Après-midi","Matin, Midi, Après-midi","Matin, Midi, Après-midi",,,Bouches-du-Rhône, <br /> <br />Charpentier <br /> Constructeur bois et ouvrage d'art <br /> Réalisation de divers ouvrages et Amenagements bois <br />,"Lundi :Matin, Midi, Après-midi\nMardi :Matin, Midi, Après-midi\nMercredi :Matin, Midi, Après-midi\nJeudi :Matin, Midi, Après-midi\nVendredi :Matin, Midi, Après-midi\nSamedi :Matin, Midi, Après-midi",Commande par téléphone<br /> Déplacement à domicile<br /> Livraison<br /> Sur rendez-vous,Marseille,https://docs.google.com/forms/d/e/1FAIpQLSedEvhvPyeuy-qQ8ZdyaXP9g9Uv4IuQNWlsXvhOMnaqGC8tgg/viewform?edit2=2_ABaOnudVDxu1TtQqYZZR7IWfbrBUPhXUB-DMJudM1k5V6cx5BRmhCu1FnVqGC9lco_YQqqY
NEOS BATÎMENT,Marseille,NEOS BATÎMENT,49997261000020,9 rue Levat 13003 Marseille,"43,3102314","5,3837038",neos.batiment@gmail.com,0491344372,http://neosbatiment.fr,,,,,"Commande par téléphone, Déplacement à domicile, Sur rendez-vous, E-mail","Matin, Midi, Après-midi","Matin, Midi, Après-midi","Matin, Midi, Après-midi","Matin, Midi, Après-midi","Matin, Midi, Après-midi",,,,Bouches-du-Rhône, <br /> <br /> <br />,"Lundi :Matin, Midi, Après-midi\nMardi :Matin, Midi, Après-midi\nMercredi :Matin, Midi, Après-midi\nJeudi :Matin, Midi, Après-midi\nVendredi :Matin, Midi, Après-midi","Commande par téléphone<br /> Déplacement à domicile<br /> Sur rendez-vous<br /> E-mail<br /><a href=""http://neosbatiment.fr"" target=""_blank"">http://neosbatiment.fr</a>",Marseille,https://docs.google.com/forms/d/e/1FAIpQLSedEvhvPyeuy-qQ8ZdyaXP9g9Uv4IuQNWlsXvhOMnaqGC8tgg/viewform?edit2=2_ABaOnuc6Ax1GDf7NbW1CIRRpKL6n6z0_piKhtTB_0gcSxnxxZUcMa201D2IGBAHcP-CNLNw
MNS,Nice,MNS,80917764500011,260 avenue de fabron 06200 Nice,"43,6914839","7,2116199",marchetti.julien.06@gmail.com,0695454727,,,"Désinfection, Nettoyage courant des bâtiments",,,"Commande par téléphone, Déplacement à domicile, Sur rendez-vous","Matin, Midi, Après-midi","Matin, Midi, Après-midi","Matin, Midi, Après-midi","Matin, Midi, Après-midi","Matin, Midi, Après-midi","Matin, Midi",Après-midi,,Alpes-Maritimes, <br />Désinfection <br /> Nettoyage courant des bâtiments <br /> <br />,"Lundi :Matin, Midi, Après-midi\nMardi :Matin, Midi, Après-midi\nMercredi :Matin, Midi, Après-midi\nJeudi :Matin, Midi, Après-midi\nVendredi :Matin, Midi, Après-midi\nSamedi :Matin, Midi\nDimanche :Après-midi",Commande par téléphone<br /> Déplacement à domicile<br /> Sur rendez-vous,Nice,https://docs.google.com/forms/d/e/1FAIpQLSedEvhvPyeuy-qQ8ZdyaXP9g9Uv4IuQNWlsXvhOMnaqGC8tgg/viewform?edit2=2_ABaOnudE2rMaTVvmIE5covGVBPHp6y9r9mNteBmMtRKs70taNKziI1wySfJhzZm4J36_LUY
PUBLIMAC,La Bâtie-Neuve,PUBLIMAC,33839871200038,256 Rue des Amouriers 05230 La Bâtie-Neuve,"44,5691827","6,2055766",paopublimac@orange.fr,0492503885,,,Imprimeur,,,"Commande par téléphone, Déplacement à domicile, En magasin, Livraison, Sur rendez-vous","Matin, Après-midi","Matin, Après-midi","Matin, Après-midi","Matin, Après-midi","Matin, Après-midi",,,,Hautes-Alpes, <br />Imprimeur <br /> <br />,"Lundi :Matin, Après-midi\nMardi :Matin, Après-midi\nMercredi :Matin, Après-midi\nJeudi :Matin, Après-midi\nVendredi :Matin, Après-midi",Commande par téléphone<br /> Déplacement à domicile<br /> En magasin<br /> Livraison<br /> Sur rendez-vous,La Bâtie-Neuve,https://docs.google.com/forms/d/e/1FAIpQLSedEvhvPyeuy-qQ8ZdyaXP9g9Uv4IuQNWlsXvhOMnaqGC8tgg/viewform?edit2=2_ABaOnuc47UwNM6P6VOMVshoewUF-WUWfiL1mv80AnYf4So0brUga645B9OIgRNd4wskLRE4
Crêperie l’hermine,Carpentras,Crêperie l’hermine,35144603400057,10 place Maurice charretier 84200 Carpentras,"44,0556095","5,0483559",ga56@free.fr,0490296650,,Crêpier / Pizzaïolo,,,,Sur place,Midi,"Midi, Après-midi","Midi, Après-midi","Midi, Après-midi","Midi, Après-midi","Midi, Après-midi",,,Vaucluse,Crêpier / Pizzaïolo <br /> <br /> <br />,"Lundi :Midi\nMardi :Midi, Après-midi\nMercredi :Midi, Après-midi\nJeudi :Midi, Après-midi\nVendredi :Midi, Après-midi\nSamedi :Midi, Après-midi",Sur place,Carpentras,https://docs.google.com/forms/d/e/1FAIpQLSedEvhvPyeuy-qQ8ZdyaXP9g9Uv4IuQNWlsXvhOMnaqGC8tgg/viewform?edit2=2_ABaOnuf4WLZVBLdzuowz3LIXlrQpTXfcK2ImmSYaNkZkUlFZc33diP7DoB-Zan61-dGPMas
TAXI MTM VEINANTE,Istres,TAXI MTM VEINANTE,81191103100029,25 avenue du Tubé - Pepinière d’entreprises 13800 Istres,"43,5140012","4,9617464",geraldveinante@yahoo.fr,0642698925,https://www.taximtmveinante.com,,Chauffeur de taxi,,,,"Matin, Midi, Après-midi","Matin, Midi, Après-midi","Matin, Midi, Après-midi","Matin, Midi, Après-midi","Matin, Midi, Après-midi","Matin, Midi, Après-midi","Matin, Midi, Après-midi",,Bouches-du-Rhône, <br />Chauffeur de taxi <br /> <br />,"Lundi :Matin, Midi, Après-midi\nMardi :Matin, Midi, Après-midi\nMercredi :Matin, Midi, Après-midi\nJeudi :Matin, Midi, Après-midi\nVendredi :Matin, Midi, Après-midi\nSamedi :Matin, Midi, Après-midi\nDimanche :Matin, Midi, Après-midi","<br /><a href=""https://www.taximtmveinante.com"" target=""_blank"">https://www.taximtmveinante.com</a>",Istres,https://docs.google.com/forms/d/e/1FAIpQLSedEvhvPyeuy-qQ8ZdyaXP9g9Uv4IuQNWlsXvhOMnaqGC8tgg/viewform?edit2=2_ABaOnuco0Y81I3XtGWX7S-bwTExidhMXxfI4ixpEZ3St6p5AVRh1auygACSes5mLcMlGIdI
Hair skull studio,Avignon,Hair skull studio,83987962400014,10 place st lazare 84000 Avignon,"43,9510091","4,820146",hairskullstudio@gmail.com,0986521208,https://www.facebook.com/hairskullstudio/,,Coiffeur / Esthétique,,,"En magasin, Sur rendez-vous",,"Matin, Midi, Après-midi","Matin, Midi","Matin, Midi, Après-midi","Matin, Midi, Après-midi","Matin, Midi, Après-midi",,,Vaucluse, <br />Coiffeur / Esthétique <br /> <br />,"Mardi :Matin, Midi, Après-midi\nMercredi :Matin, Midi\nJeudi :Matin, Midi, Après-midi\nVendredi :Matin, Midi, Après-midi\nSamedi :Matin, Midi, Après-midi","En magasin<br /> Sur rendez-vous<br /><a href=""https://www.facebook.com/hairskullstudio/"" target=""_blank"">https://www.facebook.com/hairskullstudio/</a>",Avignon,https://docs.google.com/forms/d/e/1FAIpQLSedEvhvPyeuy-qQ8ZdyaXP9g9Uv4IuQNWlsXvhOMnaqGC8tgg/viewform?edit2=2_ABaOnufzoo4kz0mTsdImgeoSgLhB0ItFqm91uHr44ASksXuqauZleXJi3c-2fEaqLOGlO88
Fox drone 84,Sainte-Cécile-les-Vignes,Fox drone 84,84882505500017,22 Rue de la Mayre 84290 Sainte Cécile les vignes,"44,245133","4,886222",Foxdrone84@gmail.com,0781478519,https://www.facebook.com/FOXDRONE84/,,Pilote de drone,,,"Commande par téléphone, Déplacement à domicile, Sur rendez-vous","Matin, Midi, Après-midi","Matin, Midi, Après-midi","Matin, Midi, Après-midi","Matin, Midi, Après-midi","Matin, Midi, Après-midi","Matin, Midi, Après-midi","Matin, Midi, Après-midi",,Vaucluse, <br />Pilote de drone <br /> <br />,"Lundi :Matin, Midi, Après-midi\nMardi :Matin, Midi, Après-midi\nMercredi :Matin, Midi, Après-midi\nJeudi :Matin, Midi, Après-midi\nVendredi :Matin, Midi, Après-midi\nSamedi :Matin, Midi, Après-midi\nDimanche :Matin, Midi, Après-midi","Commande par téléphone<br /> Déplacement à domicile<br /> Sur rendez-vous<br /><a href=""https://www.facebook.com/FOXDRONE84/"" target=""_blank"">https://www.facebook.com/FOXDRONE84/</a>",Sainte-Cécile-les-Vignes,https://docs.google.com/forms/d/e/1FAIpQLSedEvhvPyeuy-qQ8ZdyaXP9g9Uv4IuQNWlsXvhOMnaqGC8tgg/viewform?edit2=2_ABaOnuez1Bk7ircRvzjNFhKjkOKU-sRecGTX05p4IjmsIysGoKkOgG14dII525BPCdJdEUw
